flow_station,timestamp,choke_size_64th,wellhead_pressure_psi,flowline_pressure_psi,differential_pressure_psi,wellhead_temperature_F,vibration_index,is_legacy_reactivated_well,is_production_test_hour,test_oil_bpd,test_gas_mscfd,test_water_bpd,test_liquid_bpd,test_water_cut_pct,whp_delta_1h,whp_delta_6h,whp_delta_24h,choke_delta_1h,dp_delta_1h,whp_rolling_6h,dp_rolling_6h,well_BELEMA-W01,well_BELEMA-W02,well_BELEMA-W03,well_NORKPO-W01,well_OTUMARA-W01,well_OTUMARA-W02,well_SOKU-W01,well_SOKU-W02,well_UGHELLI-W01,well_UGHELLI-W02
Belema-FS,2026-07-28 23:00:00,45.0,100.0,51.0,49.0,155.7,2.016,1,0,,,,,,0.0,0.0,0.0,0.0,-3.6000000000000014,100.0,52.6,1,0,0,0,0,0,0,0,0,0
Belema-FS,2026-07-29 00:00:00,45.0,100.0,47.9,52.1,158.6,1.585,1,0,,,,,,0.0,0.0,0.0,0.0,3.1000000000000014,100.0,52.63333333333333,1,0,0,0,0,0,0,0,0,0
Belema-FS,2026-07-29 01:00:00,45.0,100.0,40.9,59.1,156.9,2.273,1,0,,,,,,0.0,0.0,0.0,0.0,7.0,100.0,53.449999999999996,1,0,0,0,0,0,0,0,0,0
Belema-FS,2026-07-29 02:00:00,45.0,100.0,53.8,46.2,160.3,2.154,1,0,,,,,,0.0,0.0,0.0,0.0,-12.899999999999999,100.0,51.96666666666667,1,0,0,0,0,0,0,0,0,0
Belema-FS,2026-07-29 03:00:00,45.0,100.0,40.0,60.0,157.8,2.325,1,0,,,,,,0.0,0.0,0.0,0.0,13.799999999999997,100.0,53.166666666666664,1,0,0,0,0,0,0,0,0,0
Belema-FS,2026-07-29 04:00:00,45.0,100.0,40.0,60.0,160.4,2.117,1,0,,,,,,0.0,0.0,0.0,0.0,0.0,100.0,54.4,1,0,0,0,0,0,0,0,0,0
Belema-FS,2026-07-29 05:00:00,45.0,100.0,58.4,41.6,161.4,1.956,1,0,,,,,,0.0,0.0,0.0,0.0,-18.4,100.0,53.166666666666664,1,0,0,0,0,0,0,0,0,0
Belema-FS,2026-07-29 06:00:00,45.0,100.0,40.0,60.0,160.0,1.767,1,1,1924.1,1454.5,1827.5,3751.6,48.71,0.0,0.0,0.0,0.0,18.4,100.0,54.48333333333334,1,0,0,0,0,0,0,0,0,0
Belema-FS,2026-07-29 07:00:00,45.0,100.0,58.7,41.3,161.6,1.818,1,0,,,,,,0.0,0.0,0.0,0.0,-18.700000000000003,100.0,51.51666666666667,1,0,0,0,0,0,0,0,0,0
Belema-FS,2026-07-29 08:00:00,45.0,100.0,40.0,60.0,158.9,2.148,1,0,,,,,,0.0,0.0,0.0,0.0,18.700000000000003,100.0,53.81666666666666,1,0,0,0,0,0,0,0,0,0
Belema-FS,2026-07-29 09:00:00,45.0,100.0,43.5,56.5,161.0,2.013,1,0,,,,,,0.0,0.0,0.0,0.0,-3.5,100.0,53.23333333333333,1,0,0,0,0,0,0,0,0,0
Belema-FS,2026-07-29 10:00:00,45.0,100.0,40.0,60.0,159.9,2.777,1,0,,,,,,0.0,0.0,0.0,0.0,3.5,100.0,53.23333333333333,1,0,0,0,0,0,0,0,0,0
Belema-FS,2026-07-29 11:00:00,45.0,100.0,48.7,51.3,159.0,2.549,1,0,,,,,,0.0,0.0,0.0,0.0,-8.700000000000003,100.0,54.849999999999994,1,0,0,0,0,0,0,0,0,0
Belema-FS,2026-07-29 12:00:00,45.0,100.0,40.0,60.0,159.3,1.88,1,0,,,,,,0.0,0.0,0.0,0.0,8.700000000000003,100.0,54.849999999999994,1,0,0,0,0,0,0,0,0,0
Belema-FS,2026-07-29 13:00:00,45.0,100.0,43.3,56.7,160.0,2.665,1,0,,,,,,0.0,0.0,0.0,0.0,-3.299999999999997,100.0,57.416666666666664,1,0,0,0,0,0,0,0,0,0
Belema-FS,2026-07-29 14:00:00,45.0,100.0,47.8,52.2,156.6,2.376,1,0,,,,,,0.0,0.0,0.0,0.0,-4.5,100.0,56.11666666666667,1,0,0,0,0,0,0,0,0,0
Belema-FS,2026-07-29 15:00:00,45.0,100.0,47.3,52.7,156.6,2.434,1,0,,,,,,0.0,0.0,0.0,0.0,0.5,100.0,55.48333333333334,1,0,0,0,0,0,0,0,0,0
Belema-FS,2026-07-29 16:00:00,45.0,100.0,43.3,56.7,153.8,1.713,1,0,,,,,,0.0,0.0,0.0,0.0,4.0,100.0,54.93333333333333,1,0,0,0,0,0,0,0,0,0
Belema-FS,2026-07-29 17:00:00,45.0,100.0,52.0,48.0,154.3,2.196,1,0,,,,,,0.0,0.0,0.0,0.0,-8.700000000000003,100.0,54.38333333333333,1,0,0,0,0,0,0,0,0,0
Belema-FS,2026-07-29 18:00:00,45.0,100.0,50.2,49.8,154.2,1.636,1,0,,,,,,0.0,0.0,0.0,0.0,1.7999999999999972,100.0,52.68333333333334,1,0,0,0,0,0,0,0,0,0
Belema-FS,2026-07-29 19:00:00,45.0,100.0,40.5,59.5,156.1,1.942,1,0,,,,,,0.0,0.0,0.0,0.0,9.700000000000003,100.0,53.15,1,0,0,0,0,0,0,0,0,0
Belema-FS,2026-07-29 20:00:00,45.0,100.0,50.2,49.8,155.9,2.074,1,0,,,,,,0.0,0.0,0.0,0.0,-9.700000000000003,100.0,52.75,1,0,0,0,0,0,0,0,0,0
Belema-FS,2026-07-29 21:00:00,45.0,100.0,44.4,55.6,153.9,1.773,1,0,,,,,,0.0,0.0,0.0,0.0,5.800000000000004,100.0,53.23333333333333,1,0,0,0,0,0,0,0,0,0
Belema-FS,2026-07-29 22:00:00,45.0,100.0,40.0,60.0,156.2,2.05,1,0,,,,,,0.0,0.0,0.0,0.0,4.399999999999999,100.0,53.78333333333333,1,0,0,0,0,0,0,0,0,0
Belema-FS,2026-07-29 23:00:00,45.0,100.0,47.1,52.9,156.1,1.245,1,0,,,,,,0.0,0.0,0.0,0.0,-7.100000000000001,100.0,54.6,1,0,0,0,0,0,0,0,0,0
Belema-FS,2026-07-30 00:00:00,45.0,100.0,51.4,48.6,158.0,1.784,1,0,,,,,,0.0,0.0,0.0,0.0,-4.299999999999997,100.0,54.4,1,0,0,0,0,0,0,0,0,0
Belema-FS,2026-07-30 01:00:00,45.0,100.0,40.0,60.0,158.1,1.902,1,0,,,,,,0.0,0.0,0.0,0.0,11.399999999999999,100.0,54.48333333333333,1,0,0,0,0,0,0,0,0,0
Belema-FS,2026-07-30 02:00:00,45.0,100.0,44.4,55.6,159.2,2.182,1,0,,,,,,0.0,0.0,0.0,0.0,-4.399999999999999,100.0,55.449999999999996,1,0,0,0,0,0,0,0,0,0
Belema-FS,2026-07-30 03:00:00,45.0,100.0,41.0,59.0,161.5,1.557,1,0,,,,,,0.0,0.0,0.0,0.0,3.3999999999999986,100.0,56.01666666666667,1,0,0,0,0,0,0,0,0,0
Belema-FS,2026-07-30 04:00:00,45.0,100.0,52.8,47.2,160.4,2.353,1,0,,,,,,0.0,0.0,0.0,0.0,-11.799999999999997,100.0,53.88333333333333,1,0,0,0,0,0,0,0,0,0
Belema-FS,2026-07-30 05:00:00,45.0,100.0,49.4,50.6,160.2,3.229,1,0,,,,,,0.0,0.0,0.0,0.0,3.3999999999999986,100.0,53.5,1,0,0,0,0,0,0,0,0,0
Belema-FS,2026-07-30 06:00:00,45.0,100.0,46.2,53.8,160.4,2.749,1,1,1945.0,1381.7,1843.3,3788.3,48.66,0.0,0.0,0.0,0.0,3.1999999999999957,100.0,54.366666666666674,1,0,0,0,0,0,0,0,0,0
Belema-FS,2026-07-30 07:00:00,45.0,100.0,40.2,59.8,161.2,2.009,1,0,,,,,,0.0,0.0,0.0,0.0,6.0,100.0,54.333333333333336,1,0,0,0,0,0,0,0,0,0
Belema-FS,2026-07-30 08:00:00,45.0,100.0,44.3,55.7,158.9,2.812,1,0,,,,,,0.0,0.0,0.0,0.0,-4.099999999999994,100.0,54.35,1,0,0,0,0,0,0,0,0,0
Belema-FS,2026-07-30 09:00:00,45.0,100.0,46.7,53.3,159.4,1.78,1,0,,,,,,0.0,0.0,0.0,0.0,-2.4000000000000057,100.0,53.4,1,0,0,0,0,0,0,0,0,0
Belema-FS,2026-07-30 10:00:00,45.0,100.0,42.4,57.6,160.1,2.33,1,0,,,,,,0.0,0.0,0.0,0.0,4.300000000000004,100.0,55.13333333333333,1,0,0,0,0,0,0,0,0,0
Belema-FS,2026-07-30 11:00:00,45.0,100.0,40.9,59.1,157.0,1.746,1,0,,,,,,0.0,0.0,0.0,0.0,1.5,100.0,56.550000000000004,1,0,0,0,0,0,0,0,0,0
Belema-FS,2026-07-30 12:00:00,45.0,100.0,42.2,57.8,158.1,2.878,1,0,,,,,,0.0,0.0,0.0,0.0,-1.3000000000000043,100.0,57.21666666666666,1,0,0,0,0,0,0,0,0,0
Belema-FS,2026-07-30 13:00:00,45.0,100.0,53.4,46.6,155.7,2.366,1,0,,,,,,0.0,0.0,0.0,0.0,-11.199999999999996,100.0,55.01666666666667,1,0,0,0,0,0,0,0,0,0
Belema-FS,2026-07-30 14:00:00,45.0,100.0,46.8,53.2,155.7,1.918,1,0,,,,,,0.0,0.0,0.0,0.0,6.600000000000001,100.0,54.599999999999994,1,0,0,0,0,0,0,0,0,0
Belema-FS,2026-07-30 15:00:00,45.0,100.0,46.3,53.7,155.5,2.021,1,0,,,,,,0.0,0.0,0.0,0.0,0.5,100.0,54.666666666666664,1,0,0,0,0,0,0,0,0,0
Belema-FS,2026-07-30 16:00:00,45.0,100.0,40.0,60.0,153.7,1.746,1,0,,,,,,0.0,0.0,0.0,0.0,6.299999999999997,100.0,55.06666666666666,1,0,0,0,0,0,0,0,0,0
Belema-FS,2026-07-30 17:00:00,45.0,100.0,52.5,47.5,154.9,2.118,1,0,,,,,,0.0,0.0,0.0,0.0,-12.5,100.0,53.133333333333326,1,0,0,0,0,0,0,0,0,0
Belema-FS,2026-07-30 18:00:00,45.0,100.0,40.7,59.3,154.7,1.791,1,0,,,,,,0.0,0.0,0.0,0.0,11.799999999999997,100.0,53.38333333333333,1,0,0,0,0,0,0,0,0,0
Belema-FS,2026-07-30 19:00:00,45.0,100.0,46.7,53.3,155.7,2.549,1,0,,,,,,0.0,0.0,0.0,0.0,-6.0,100.0,54.5,1,0,0,0,0,0,0,0,0,0
Belema-FS,2026-07-30 20:00:00,45.0,100.0,40.6,59.4,155.6,2.617,1,0,,,,,,0.0,0.0,0.0,0.0,6.100000000000001,100.0,55.53333333333333,1,0,0,0,0,0,0,0,0,0
Belema-FS,2026-07-30 21:00:00,45.0,100.0,43.5,56.5,156.4,1.821,1,0,,,,,,0.0,0.0,0.0,0.0,-2.8999999999999986,100.0,56.0,1,0,0,0,0,0,0,0,0,0
Belema-FS,2026-07-30 22:00:00,45.0,100.0,49.9,50.1,157.2,1.671,1,0,,,,,,0.0,0.0,0.0,0.0,-6.399999999999999,100.0,54.35,1,0,0,0,0,0,0,0,0,0
Belema-FS,2026-07-30 23:00:00,45.0,100.0,54.3,45.7,157.2,2.399,1,0,,,,,,0.0,0.0,0.0,0.0,-4.399999999999999,100.0,54.050000000000004,1,0,0,0,0,0,0,0,0,0
Belema-FS,2026-07-28 23:00:00,20.0,100.0,51.8,48.2,156.5,1.659,1,0,,,,,,0.0,0.0,0.0,0.0,-0.09999999999999432,100.0,52.23333333333333,0,1,0,0,0,0,0,0,0,0
Belema-FS,2026-07-29 00:00:00,20.0,100.0,40.8,59.2,158.4,1.845,1,0,,,,,,0.0,0.0,0.0,0.0,11.0,100.0,52.166666666666664,0,1,0,0,0,0,0,0,0,0
Belema-FS,2026-07-29 01:00:00,20.0,100.0,46.4,53.6,158.5,1.914,1,0,,,,,,0.0,0.0,0.0,0.0,-5.600000000000001,100.0,53.333333333333336,0,1,0,0,0,0,0,0,0,0
Belema-FS,2026-07-29 02:00:00,20.0,100.0,40.0,60.0,158.8,1.819,1,0,,,,,,0.0,0.0,0.0,0.0,6.399999999999999,100.0,53.63333333333333,0,1,0,0,0,0,0,0,0,0
Belema-FS,2026-07-29 03:00:00,20.0,100.0,42.4,57.6,161.6,1.892,1,0,,,,,,0.0,0.0,0.0,0.0,-2.3999999999999986,100.0,54.48333333333334,0,1,0,0,0,0,0,0,0,0
Belema-FS,2026-07-29 04:00:00,20.0,100.0,43.0,57.0,160.2,1.983,1,0,,,,,,0.0,0.0,0.0,0.0,-0.6000000000000014,100.0,55.93333333333334,0,1,0,0,0,0,0,0,0,0
Belema-FS,2026-07-29 05:00:00,20.0,100.0,47.6,52.4,161.7,2.386,1,0,,,,,,0.0,0.0,0.0,0.0,-4.600000000000001,100.0,56.63333333333333,0,1,0,0,0,0,0,0,0,0
Belema-FS,2026-07-29 06:00:00,20.0,100.0,43.2,56.8,161.2,0.978,1,1,1289.9,855.3,2074.9,3364.7,61.67,0.0,0.0,0.0,0.0,4.399999999999999,100.0,56.23333333333334,0,1,0,0,0,0,0,0,0,0
Belema-FS,2026-07-29 07:00:00,20.0,100.0,55.2,44.8,159.8,1.835,1,0,,,,,,0.0,0.0,0.0,0.0,-12.0,100.0,54.76666666666667,0,1,0,0,0,0,0,0,0,0
Belema-FS,2026-07-29 08:00:00,20.0,100.0,53.9,46.1,161.4,2.141,1,0,,,,,,0.0,0.0,0.0,0.0,1.3000000000000043,100.0,52.449999999999996,0,1,0,0,0,0,0,0,0,0
Belema-FS,2026-07-29 09:00:00,20.0,100.0,46.9,53.1,160.7,1.791,1,0,,,,,,0.0,0.0,0.0,0.0,7.0,100.0,51.699999999999996,0,1,0,0,0,0,0,0,0,0
Belema-FS,2026-07-29 10:00:00,20.0,100.0,46.0,54.0,159.4,2.316,1,0,,,,,,0.0,0.0,0.0,0.0,0.8999999999999986,100.0,51.199999999999996,0,1,0,0,0,0,0,0,0,0
Belema-FS,2026-07-29 11:00:00,20.0,100.0,47.2,52.8,158.7,2.28,1,0,,,,,,0.0,0.0,0.0,0.0,-1.2000000000000028,100.0,51.26666666666667,0,1,0,0,0,0,0,0,0,0
Belema-FS,2026-07-29 12:00:00,20.0,100.0,42.3,57.7,158.4,2.157,1,0,,,,,,0.0,0.0,0.0,0.0,4.900000000000006,100.0,51.416666666666664,0,1,0,0,0,0,0,0,0,0
Belema-FS,2026-07-29 13:00:00,20.0,100.0,52.3,47.7,156.0,2.137,1,0,,,,,,0.0,0.0,0.0,0.0,-10.0,100.0,51.900000000000006,0,1,0,0,0,0,0,0,0,0
Belema-FS,2026-07-29 14:00:00,20.0,100.0,40.0,60.0,155.9,2.246,1,0,,,,,,0.0,0.0,0.0,0.0,12.299999999999997,100.0,54.21666666666667,0,1,0,0,0,0,0,0,0,0
Belema-FS,2026-07-29 15:00:00,20.0,100.0,56.2,43.8,155.3,2.604,1,0,,,,,,0.0,0.0,0.0,0.0,-16.200000000000003,100.0,52.666666666666664,0,1,0,0,0,0,0,0,0,0
Belema-FS,2026-07-29 16:00:00,20.0,100.0,41.1,58.9,155.8,2.491,1,0,,,,,,0.0,0.0,0.0,0.0,15.100000000000001,100.0,53.48333333333333,0,1,0,0,0,0,0,0,0,0
Belema-FS,2026-07-29 17:00:00,20.0,100.0,44.1,55.9,154.4,1.354,1,0,,,,,,0.0,0.0,0.0,0.0,-3.0,100.0,54.0,0,1,0,0,0,0,0,0,0,0
Belema-FS,2026-07-29 18:00:00,20.0,100.0,42.5,57.5,153.8,1.2,1,0,,,,,,0.0,0.0,0.0,0.0,1.6000000000000014,100.0,53.96666666666666,0,1,0,0,0,0,0,0,0,0
Belema-FS,2026-07-29 19:00:00,20.0,100.0,48.6,51.4,157.1,2.382,1,0,,,,,,0.0,0.0,0.0,0.0,-6.100000000000001,100.0,54.583333333333336,0,1,0,0,0,0,0,0,0,0
Belema-FS,2026-07-29 20:00:00,20.0,100.0,40.0,60.0,154.1,1.71,1,0,,,,,,0.0,0.0,0.0,0.0,8.600000000000001,100.0,54.583333333333336,0,1,0,0,0,0,0,0,0,0
Belema-FS,2026-07-29 21:00:00,20.0,100.0,44.7,55.3,155.2,2.329,1,0,,,,,,0.0,0.0,0.0,0.0,-4.700000000000003,100.0,56.5,0,1,0,0,0,0,0,0,0,0
Belema-FS,2026-07-29 22:00:00,20.0,100.0,50.2,49.8,158.5,1.869,1,0,,,,,,0.0,0.0,0.0,0.0,-5.5,100.0,54.98333333333333,0,1,0,0,0,0,0,0,0,0
Belema-FS,2026-07-29 23:00:00,20.0,100.0,49.6,50.4,156.9,1.712,1,0,,,,,,0.0,0.0,0.0,0.0,0.6000000000000014,100.0,54.06666666666667,0,1,0,0,0,0,0,0,0,0
Belema-FS,2026-07-30 00:00:00,20.0,100.0,41.5,58.5,158.3,2.353,1,0,,,,,,0.0,0.0,0.0,0.0,8.100000000000001,100.0,54.23333333333333,0,1,0,0,0,0,0,0,0,0
Belema-FS,2026-07-30 01:00:00,20.0,100.0,42.5,57.5,157.5,1.979,1,0,,,,,,0.0,0.0,0.0,0.0,-1.0,100.0,55.25,0,1,0,0,0,0,0,0,0,0
Belema-FS,2026-07-30 02:00:00,20.0,100.0,45.0,55.0,159.6,2.21,1,0,,,,,,0.0,0.0,0.0,0.0,-2.5,100.0,54.416666666666664,0,1,0,0,0,0,0,0,0,0
Belema-FS,2026-07-30 03:00:00,20.0,100.0,45.9,54.1,158.6,1.775,1,0,,,,,,0.0,0.0,0.0,0.0,-0.8999999999999986,100.0,54.21666666666666,0,1,0,0,0,0,0,0,0,0
Belema-FS,2026-07-30 04:00:00,20.0,100.0,41.9,58.1,160.2,2.197,1,0,,,,,,0.0,0.0,0.0,0.0,4.0,100.0,55.6,0,1,0,0,0,0,0,0,0,0
Belema-FS,2026-07-30 05:00:00,20.0,100.0,42.4,57.6,160.6,2.364,1,0,,,,,,0.0,0.0,0.0,0.0,-0.5,100.0,56.800000000000004,0,1,0,0,0,0,0,0,0,0
Belema-FS,2026-07-30 06:00:00,20.0,100.0,40.0,60.0,159.9,1.833,1,1,1206.4,811.3,2104.9,3311.3,63.57,0.0,0.0,0.0,0.0,2.3999999999999986,100.0,57.050000000000004,0,1,0,0,0,0,0,0,0,0
Belema-FS,2026-07-30 07:00:00,20.0,100.0,45.6,54.4,159.6,1.86,1,0,,,,,,0.0,0.0,0.0,0.0,-5.600000000000001,100.0,56.53333333333333,0,1,0,0,0,0,0,0,0,0
Belema-FS,2026-07-30 08:00:00,20.0,100.0,42.0,58.0,160.5,2.675,1,0,,,,,,0.0,0.0,0.0,0.0,3.6000000000000014,100.0,57.03333333333333,0,1,0,0,0,0,0,0,0,0
Belema-FS,2026-07-30 09:00:00,20.0,100.0,44.3,55.7,162.4,1.174,1,0,,,,,,0.0,0.0,0.0,0.0,-2.299999999999997,100.0,57.300000000000004,0,1,0,0,0,0,0,0,0,0
Belema-FS,2026-07-30 10:00:00,20.0,100.0,47.5,52.5,159.7,2.335,1,0,,,,,,0.0,0.0,0.0,0.0,-3.200000000000003,100.0,56.36666666666667,0,1,0,0,0,0,0,0,0,0
Belema-FS,2026-07-30 11:00:00,20.0,100.0,41.2,58.8,158.3,1.657,1,0,,,,,,0.0,0.0,0.0,0.0,6.299999999999997,100.0,56.56666666666666,0,1,0,0,0,0,0,0,0,0
Belema-FS,2026-07-30 12:00:00,20.0,100.0,40.5,59.5,157.9,2.208,1,0,,,,,,0.0,0.0,0.0,0.0,0.7000000000000028,100.0,56.48333333333333,0,1,0,0,0,0,0,0,0,0
Belema-FS,2026-07-30 13:00:00,20.0,100.0,40.0,60.0,156.1,1.862,1,0,,,,,,0.0,0.0,0.0,0.0,0.5,100.0,57.416666666666664,0,1,0,0,0,0,0,0,0,0
Belema-FS,2026-07-30 14:00:00,20.0,100.0,48.3,51.7,156.7,1.558,1,0,,,,,,0.0,0.0,0.0,0.0,-8.299999999999997,100.0,56.36666666666667,0,1,0,0,0,0,0,0,0,0
Belema-FS,2026-07-30 15:00:00,20.0,100.0,46.4,53.6,155.2,1.864,1,0,,,,,,0.0,0.0,0.0,0.0,1.8999999999999986,100.0,56.01666666666667,0,1,0,0,0,0,0,0,0,0
Belema-FS,2026-07-30 16:00:00,20.0,100.0,46.3,53.7,155.8,2.053,1,0,,,,,,0.0,0.0,0.0,0.0,0.10000000000000142,100.0,56.21666666666667,0,1,0,0,0,0,0,0,0,0
Belema-FS,2026-07-30 17:00:00,20.0,100.0,42.7,57.3,155.7,1.778,1,0,,,,,,0.0,0.0,0.0,0.0,3.5999999999999943,100.0,55.96666666666667,0,1,0,0,0,0,0,0,0,0
Belema-FS,2026-07-30 18:00:00,20.0,100.0,42.7,57.3,154.2,1.998,1,0,,,,,,0.0,0.0,0.0,0.0,0.0,100.0,55.6,0,1,0,0,0,0,0,0,0,0
Belema-FS,2026-07-30 19:00:00,20.0,100.0,40.0,60.0,154.3,2.015,1,0,,,,,,0.0,0.0,0.0,0.0,2.700000000000003,100.0,55.6,0,1,0,0,0,0,0,0,0,0
Belema-FS,2026-07-30 20:00:00,20.0,100.0,42.3,57.7,154.5,1.816,1,0,,,,,,0.0,0.0,0.0,0.0,-2.299999999999997,100.0,56.6,0,1,0,0,0,0,0,0,0,0
Belema-FS,2026-07-30 21:00:00,20.0,100.0,51.4,48.6,156.1,1.919,1,0,,,,,,0.0,0.0,0.0,0.0,-9.100000000000001,100.0,55.76666666666667,0,1,0,0,0,0,0,0,0,0
Belema-FS,2026-07-30 22:00:00,20.0,100.0,41.2,58.8,155.7,1.437,1,0,,,,,,0.0,0.0,0.0,0.0,10.199999999999996,100.0,56.61666666666667,0,1,0,0,0,0,0,0,0,0
Belema-FS,2026-07-30 23:00:00,20.0,100.0,40.0,60.0,157.3,2.485,1,0,,,,,,0.0,0.0,0.0,0.0,1.2000000000000028,100.0,57.06666666666666,0,1,0,0,0,0,0,0,0,0
Belema-FS,2026-07-28 23:00:00,40.0,100.0,46.7,53.3,157.1,1.821,0,0,,,,,,0.0,0.0,0.0,0.0,0.29999999999999716,100.0,55.083333333333336,0,0,1,0,0,0,0,0,0,0
Belema-FS,2026-07-29 00:00:00,40.0,100.0,43.1,56.9,159.6,2.344,0,0,,,,,,0.0,0.0,0.0,0.0,3.6000000000000014,100.0,56.11666666666667,0,0,1,0,0,0,0,0,0,0
Belema-FS,2026-07-29 01:00:00,40.0,100.0,46.2,53.8,160.5,2.358,0,0,,,,,,0.0,0.0,0.0,0.0,-3.1000000000000014,100.0,55.083333333333336,0,0,1,0,0,0,0,0,0,0
Belema-FS,2026-07-29 02:00:00,40.0,100.0,52.2,47.8,159.6,2.103,0,0,,,,,,0.0,0.0,0.0,0.0,-6.0,100.0,54.13333333333333,0,0,1,0,0,0,0,0,0,0
Belema-FS,2026-07-29 03:00:00,40.0,100.0,45.8,54.2,158.6,1.507,0,0,,,,,,0.0,0.0,0.0,0.0,6.400000000000006,100.0,53.166666666666664,0,0,1,0,0,0,0,0,0,0
Belema-FS,2026-07-29 04:00:00,40.0,100.0,49.9,50.1,161.1,1.753,0,0,,,,,,0.0,0.0,0.0,0.0,-4.100000000000001,100.0,52.68333333333334,0,0,1,0,0,0,0,0,0,0
Belema-FS,2026-07-29 05:00:00,40.0,100.0,40.8,59.2,159.7,2.354,0,0,,,,,,0.0,0.0,0.0,0.0,9.100000000000001,100.0,53.666666666666664,0,0,1,0,0,0,0,0,0,0
Belema-FS,2026-07-29 06:00:00,40.0,100.0,45.2,54.8,161.2,2.083,0,1,2433.1,1155.9,538.2,2971.2,18.11,0.0,0.0,0.0,0.0,-4.400000000000006,100.0,53.31666666666667,0,0,1,0,0,0,0,0,0,0
Belema-FS,2026-07-29 07:00:00,40.0,100.0,40.0,60.0,158.9,1.805,0,0,,,,,,0.0,0.0,0.0,0.0,5.200000000000003,100.0,54.35,0,0,1,0,0,0,0,0,0,0
Belema-FS,2026-07-29 08:00:00,40.0,100.0,49.7,50.3,160.3,0.957,0,0,,,,,,0.0,0.0,0.0,0.0,-9.700000000000003,100.0,54.76666666666667,0,0,1,0,0,0,0,0,0,0
Belema-FS,2026-07-29 09:00:00,40.0,100.0,46.1,53.9,160.0,2.138,0,0,,,,,,0.0,0.0,0.0,0.0,3.6000000000000014,100.0,54.71666666666667,0,0,1,0,0,0,0,0,0,0
Belema-FS,2026-07-29 10:00:00,40.0,100.0,45.0,55.0,158.9,1.573,0,0,,,,,,0.0,0.0,0.0,0.0,1.1000000000000014,100.0,55.53333333333333,0,0,1,0,0,0,0,0,0,0
Belema-FS,2026-07-29 11:00:00,40.0,100.0,55.1,44.9,157.4,1.687,0,0,,,,,,0.0,0.0,0.0,0.0,-10.100000000000001,100.0,53.15,0,0,1,0,0,0,0,0,0,0
Belema-FS,2026-07-29 12:00:00,40.0,100.0,40.6,59.4,157.8,1.841,0,0,,,,,,0.0,0.0,0.0,0.0,14.5,100.0,53.916666666666664,0,0,1,0,0,0,0,0,0,0
Belema-FS,2026-07-29 13:00:00,40.0,100.0,41.6,58.4,157.3,1.489,0,0,,,,,,0.0,0.0,0.0,0.0,-1.0,100.0,53.65,0,0,1,0,0,0,0,0,0,0
Belema-FS,2026-07-29 14:00:00,40.0,100.0,50.2,49.8,158.3,1.74,0,0,,,,,,0.0,0.0,0.0,0.0,-8.600000000000001,100.0,53.56666666666667,0,0,1,0,0,0,0,0,0,0
Belema-FS,2026-07-29 15:00:00,40.0,100.0,49.5,50.5,155.6,2.181,0,0,,,,,,0.0,0.0,0.0,0.0,0.7000000000000028,100.0,53.0,0,0,1,0,0,0,0,0,0,0
Belema-FS,2026-07-29 16:00:00,40.0,100.0,40.0,60.0,155.5,2.243,0,0,,,,,,0.0,0.0,0.0,0.0,9.5,100.0,53.833333333333336,0,0,1,0,0,0,0,0,0,0
Belema-FS,2026-07-29 17:00:00,40.0,100.0,44.0,56.0,153.8,2.931,0,0,,,,,,0.0,0.0,0.0,0.0,-4.0,100.0,55.68333333333334,0,0,1,0,0,0,0,0,0,0
Belema-FS,2026-07-29 18:00:00,40.0,100.0,50.3,49.7,155.6,2.221,0,0,,,,,,0.0,0.0,0.0,0.0,-6.299999999999997,100.0,54.06666666666666,0,0,1,0,0,0,0,0,0,0
Belema-FS,2026-07-29 19:00:00,40.0,100.0,49.3,50.7,154.3,2.097,0,0,,,,,,0.0,0.0,0.0,0.0,1.0,100.0,52.78333333333333,0,0,1,0,0,0,0,0,0,0
Belema-FS,2026-07-29 20:00:00,40.0,100.0,40.0,60.0,154.9,1.848,0,0,,,,,,0.0,0.0,0.0,0.0,9.299999999999997,100.0,54.48333333333333,0,0,1,0,0,0,0,0,0,0
Belema-FS,2026-07-29 21:00:00,40.0,100.0,50.9,49.1,154.0,2.99,0,0,,,,,,0.0,0.0,0.0,0.0,-10.899999999999999,100.0,54.25,0,0,1,0,0,0,0,0,0,0
Belema-FS,2026-07-29 22:00:00,40.0,100.0,40.0,60.0,157.0,2.653,0,0,,,,,,0.0,0.0,0.0,0.0,10.899999999999999,100.0,54.25,0,0,1,0,0,0,0,0,0,0
Belema-FS,2026-07-29 23:00:00,40.0,100.0,50.5,49.5,156.2,2.432,0,0,,,,,,0.0,0.0,0.0,0.0,-10.5,100.0,53.166666666666664,0,0,1,0,0,0,0,0,0,0
Belema-FS,2026-07-30 00:00:00,40.0,100.0,43.0,57.0,158.6,2.803,0,0,,,,,,0.0,0.0,0.0,0.0,7.5,100.0,54.38333333333333,0,0,1,0,0,0,0,0,0,0
Belema-FS,2026-07-30 01:00:00,40.0,100.0,46.7,53.3,159.7,1.83,0,0,,,,,,0.0,0.0,0.0,0.0,-3.700000000000003,100.0,54.81666666666667,0,0,1,0,0,0,0,0,0,0
Belema-FS,2026-07-30 02:00:00,40.0,100.0,48.7,51.3,159.5,2.355,0,0,,,,,,0.0,0.0,0.0,0.0,-2.0,100.0,53.36666666666667,0,0,1,0,0,0,0,0,0,0
Belema-FS,2026-07-30 03:00:00,40.0,100.0,41.1,58.9,161.6,2.7,0,0,,,,,,0.0,0.0,0.0,0.0,7.600000000000001,100.0,55.0,0,0,1,0,0,0,0,0,0,0
Belema-FS,2026-07-30 04:00:00,40.0,100.0,40.0,60.0,160.7,1.314,0,0,,,,,,0.0,0.0,0.0,0.0,1.1000000000000014,100.0,55.0,0,0,1,0,0,0,0,0,0,0
Belema-FS,2026-07-30 05:00:00,40.0,100.0,53.3,46.7,159.2,1.236,0,0,,,,,,0.0,0.0,0.0,0.0,-13.299999999999997,100.0,54.53333333333333,0,0,1,0,0,0,0,0,0,0
Belema-FS,2026-07-30 06:00:00,40.0,100.0,46.1,53.9,159.9,2.516,0,1,2370.8,1066.8,556.9,2927.7,19.02,0.0,0.0,0.0,0.0,7.199999999999996,100.0,54.01666666666666,0,0,1,0,0,0,0,0,0,0
Belema-FS,2026-07-30 07:00:00,40.0,100.0,40.6,59.4,162.5,1.982,0,0,,,,,,0.0,0.0,0.0,0.0,5.5,100.0,55.03333333333333,0,0,1,0,0,0,0,0,0,0
Belema-FS,2026-07-30 08:00:00,40.0,100.0,62.9,37.1,160.0,1.897,0,0,,,,,,0.0,0.0,0.0,0.0,-22.299999999999997,100.0,52.666666666666664,0,0,1,0,0,0,0,0,0,0
Belema-FS,2026-07-30 09:00:00,40.0,100.0,46.5,53.5,159.9,2.065,0,0,,,,,,0.0,0.0,0.0,0.0,16.4,100.0,51.76666666666666,0,0,1,0,0,0,0,0,0,0
Belema-FS,2026-07-30 10:00:00,40.0,100.0,47.4,52.6,159.0,2.433,0,0,,,,,,0.0,0.0,0.0,0.0,-0.8999999999999986,100.0,50.53333333333333,0,0,1,0,0,0,0,0,0,0
Belema-FS,2026-07-30 11:00:00,40.0,100.0,58.4,41.6,159.7,2.498,0,0,,,,,,0.0,0.0,0.0,0.0,-11.0,100.0,49.68333333333334,0,0,1,0,0,0,0,0,0,0
Belema-FS,2026-07-30 12:00:00,40.0,100.0,43.5,56.5,157.5,2.47,0,0,,,,,,0.0,0.0,0.0,0.0,14.899999999999999,100.0,50.11666666666667,0,0,1,0,0,0,0,0,0,0
Belema-FS,2026-07-30 13:00:00,40.0,100.0,47.3,52.7,157.5,2.861,0,0,,,,,,0.0,0.0,0.0,0.0,-3.799999999999997,100.0,49.0,0,0,1,0,0,0,0,0,0,0
Belema-FS,2026-07-30 14:00:00,40.0,100.0,45.0,55.0,156.6,2.637,0,0,,,,,,0.0,0.0,0.0,0.0,2.299999999999997,100.0,51.98333333333333,0,0,1,0,0,0,0,0,0,0
Belema-FS,2026-07-30 15:00:00,40.0,100.0,46.6,53.4,155.8,2.224,0,0,,,,,,0.0,0.0,0.0,0.0,-1.6000000000000014,100.0,51.96666666666667,0,0,1,0,0,0,0,0,0,0
Belema-FS,2026-07-30 16:00:00,40.0,100.0,47.8,52.2,154.1,2.276,0,0,,,,,,0.0,0.0,0.0,0.0,-1.1999999999999957,100.0,51.900000000000006,0,0,1,0,0,0,0,0,0,0
Belema-FS,2026-07-30 17:00:00,40.0,100.0,54.0,46.0,156.1,2.031,0,0,,,,,,0.0,0.0,0.0,0.0,-6.200000000000003,100.0,52.63333333333333,0,0,1,0,0,0,0,0,0,0
Belema-FS,2026-07-30 18:00:00,40.0,100.0,42.1,57.9,155.3,2.153,0,0,,,,,,0.0,0.0,0.0,0.0,11.899999999999999,100.0,52.86666666666667,0,0,1,0,0,0,0,0,0,0
Belema-FS,2026-07-30 19:00:00,40.0,100.0,51.4,48.6,156.4,2.188,0,0,,,,,,0.0,0.0,0.0,0.0,-9.299999999999997,100.0,52.18333333333334,0,0,1,0,0,0,0,0,0,0
Belema-FS,2026-07-30 20:00:00,40.0,100.0,40.0,60.0,154.8,2.0,0,0,,,,,,0.0,0.0,0.0,0.0,11.399999999999999,100.0,53.01666666666667,0,0,1,0,0,0,0,0,0,0
Belema-FS,2026-07-30 21:00:00,40.0,100.0,51.0,49.0,155.1,1.904,0,0,,,,,,0.0,0.0,0.0,0.0,-11.0,100.0,52.28333333333333,0,0,1,0,0,0,0,0,0,0
Belema-FS,2026-07-30 22:00:00,40.0,100.0,42.5,57.5,154.9,1.91,0,0,,,,,,0.0,0.0,0.0,0.0,8.5,100.0,53.166666666666664,0,0,1,0,0,0,0,0,0,0
Belema-FS,2026-07-30 23:00:00,40.0,100.0,40.3,59.7,158.4,1.714,0,0,,,,,,0.0,0.0,0.0,0.0,2.200000000000003,100.0,55.449999999999996,0,0,1,0,0,0,0,0,0,0
Norkpo-FS,2026-07-28 23:00:00,43.0,100.0,40.0,60.0,159.1,1.803,0,0,,,,,,0.0,0.0,0.0,0.0,13.0,100.0,55.31666666666667,0,0,0,1,0,0,0,0,0,0
Norkpo-FS,2026-07-29 00:00:00,43.0,100.0,52.6,47.4,157.0,2.313,0,0,,,,,,0.0,0.0,0.0,0.0,-12.600000000000001,100.0,53.21666666666667,0,0,0,1,0,0,0,0,0,0
Norkpo-FS,2026-07-29 01:00:00,43.0,100.0,44.9,55.1,157.7,2.358,0,0,,,,,,0.0,0.0,0.0,0.0,7.700000000000003,100.0,53.400000000000006,0,0,0,1,0,0,0,0,0,0
Norkpo-FS,2026-07-29 02:00:00,43.0,100.0,43.8,56.2,159.3,2.597,0,0,,,,,,0.0,0.0,0.0,0.0,1.1000000000000014,100.0,52.76666666666667,0,0,0,1,0,0,0,0,0,0
Norkpo-FS,2026-07-29 03:00:00,43.0,100.0,46.7,53.3,160.5,1.626,0,0,,,,,,0.0,0.0,0.0,0.0,-2.9000000000000057,100.0,53.166666666666664,0,0,0,1,0,0,0,0,0,0
Norkpo-FS,2026-07-29 04:00:00,43.0,100.0,51.2,48.8,160.7,1.543,0,0,,,,,,0.0,0.0,0.0,0.0,-4.5,100.0,53.46666666666666,0,0,0,1,0,0,0,0,0,0
Norkpo-FS,2026-07-29 05:00:00,43.0,100.0,44.6,55.4,162.8,1.362,0,0,,,,,,0.0,0.0,0.0,0.0,6.600000000000001,100.0,52.699999999999996,0,0,0,1,0,0,0,0,0,0
Norkpo-FS,2026-07-29 06:00:00,43.0,100.0,40.0,60.0,162.3,2.3,0,1,1698.5,959.3,807.4,2505.9,32.22,0.0,0.0,0.0,0.0,4.600000000000001,100.0,54.800000000000004,0,0,0,1,0,0,0,0,0,0
Norkpo-FS,2026-07-29 07:00:00,43.0,100.0,42.3,57.7,161.4,1.753,0,0,,,,,,0.0,0.0,0.0,0.0,-2.299999999999997,100.0,55.23333333333333,0,0,0,1,0,0,0,0,0,0
Norkpo-FS,2026-07-29 08:00:00,43.0,100.0,45.1,54.9,161.3,1.631,0,0,,,,,,0.0,0.0,0.0,0.0,-2.8000000000000043,100.0,55.01666666666666,0,0,0,1,0,0,0,0,0,0
Norkpo-FS,2026-07-29 09:00:00,43.0,100.0,49.6,50.4,159.2,1.587,0,0,,,,,,0.0,0.0,0.0,0.0,-4.5,100.0,54.53333333333333,0,0,0,1,0,0,0,0,0,0
Norkpo-FS,2026-07-29 10:00:00,43.0,100.0,51.7,48.3,160.1,1.351,0,0,,,,,,0.0,0.0,0.0,0.0,-2.1000000000000014,100.0,54.45000000000001,0,0,0,1,0,0,0,0,0,0
Norkpo-FS,2026-07-29 11:00:00,43.0,100.0,42.8,57.2,159.6,2.83,0,0,,,,,,0.0,0.0,0.0,0.0,8.900000000000006,100.0,54.75,0,0,0,1,0,0,0,0,0,0
Norkpo-FS,2026-07-29 12:00:00,43.0,100.0,40.0,60.0,158.9,2.074,0,0,,,,,,0.0,0.0,0.0,0.0,2.799999999999997,100.0,54.75,0,0,0,1,0,0,0,0,0,0
Norkpo-FS,2026-07-29 13:00:00,43.0,100.0,44.8,55.2,158.2,1.092,0,0,,,,,,0.0,0.0,0.0,0.0,-4.799999999999997,100.0,54.333333333333336,0,0,0,1,0,0,0,0,0,0
Norkpo-FS,2026-07-29 14:00:00,43.0,100.0,40.0,60.0,155.3,2.0,0,0,,,,,,0.0,0.0,0.0,0.0,4.799999999999997,100.0,55.18333333333334,0,0,0,1,0,0,0,0,0,0
Norkpo-FS,2026-07-29 15:00:00,43.0,100.0,48.2,51.8,156.6,2.25,0,0,,,,,,0.0,0.0,0.0,0.0,-8.200000000000003,100.0,55.416666666666664,0,0,0,1,0,0,0,0,0,0
Norkpo-FS,2026-07-29 16:00:00,43.0,100.0,47.7,52.3,154.5,2.245,0,0,,,,,,0.0,0.0,0.0,0.0,0.5,100.0,56.083333333333336,0,0,0,1,0,0,0,0,0,0
Norkpo-FS,2026-07-29 17:00:00,43.0,100.0,45.0,55.0,154.6,1.328,0,0,,,,,,0.0,0.0,0.0,0.0,2.700000000000003,100.0,55.71666666666666,0,0,0,1,0,0,0,0,0,0
Norkpo-FS,2026-07-29 18:00:00,43.0,100.0,50.6,49.4,153.7,1.507,0,0,,,,,,0.0,0.0,0.0,0.0,-5.600000000000001,100.0,53.949999999999996,0,0,0,1,0,0,0,0,0,0
Norkpo-FS,2026-07-29 19:00:00,43.0,100.0,44.3,55.7,154.7,2.001,0,0,,,,,,0.0,0.0,0.0,0.0,6.300000000000004,100.0,54.03333333333333,0,0,0,1,0,0,0,0,0,0
Norkpo-FS,2026-07-29 20:00:00,43.0,100.0,42.9,57.1,155.6,2.421,0,0,,,,,,0.0,0.0,0.0,0.0,1.3999999999999986,100.0,53.550000000000004,0,0,0,1,0,0,0,0,0,0
Norkpo-FS,2026-07-29 21:00:00,43.0,100.0,40.0,60.0,155.2,2.104,0,0,,,,,,0.0,0.0,0.0,0.0,2.8999999999999986,100.0,54.916666666666664,0,0,0,1,0,0,0,0,0,0
Norkpo-FS,2026-07-29 22:00:00,43.0,100.0,43.3,56.7,156.2,2.33,0,0,,,,,,0.0,0.0,0.0,0.0,-3.299999999999997,100.0,55.650000000000006,0,0,0,1,0,0,0,0,0,0
Norkpo-FS,2026-07-29 23:00:00,43.0,100.0,40.0,60.0,156.7,1.904,0,0,,,,,,0.0,0.0,0.0,0.0,3.299999999999997,100.0,56.48333333333333,0,0,0,1,0,0,0,0,0,0
Norkpo-FS,2026-07-30 00:00:00,43.0,100.0,40.0,60.0,156.6,2.493,0,0,,,,,,0.0,0.0,0.0,0.0,0.0,100.0,58.25,0,0,0,1,0,0,0,0,0,0
Norkpo-FS,2026-07-30 01:00:00,43.0,100.0,46.5,53.5,159.4,1.342,0,0,,,,,,0.0,0.0,0.0,0.0,-6.5,100.0,57.88333333333333,0,0,0,1,0,0,0,0,0,0
Norkpo-FS,2026-07-30 02:00:00,43.0,100.0,53.7,46.3,161.1,2.205,0,0,,,,,,0.0,0.0,0.0,0.0,-7.200000000000003,100.0,56.083333333333336,0,0,0,1,0,0,0,0,0,0
Norkpo-FS,2026-07-30 03:00:00,43.0,100.0,40.0,60.0,163.1,2.269,0,0,,,,,,0.0,0.0,0.0,0.0,13.700000000000003,100.0,56.083333333333336,0,0,0,1,0,0,0,0,0,0
Norkpo-FS,2026-07-30 04:00:00,43.0,100.0,49.6,50.4,162.1,1.933,0,0,,,,,,0.0,0.0,0.0,0.0,-9.600000000000001,100.0,55.03333333333333,0,0,0,1,0,0,0,0,0,0
Norkpo-FS,2026-07-30 05:00:00,43.0,100.0,44.3,55.7,160.7,1.986,0,0,,,,,,0.0,0.0,0.0,0.0,5.300000000000004,100.0,54.31666666666666,0,0,0,1,0,0,0,0,0,0
Norkpo-FS,2026-07-30 06:00:00,43.0,100.0,49.9,50.1,160.3,1.846,0,1,1740.9,953.4,827.1,2568.0,32.21,0.0,0.0,0.0,0.0,-5.600000000000001,100.0,52.666666666666664,0,0,0,1,0,0,0,0,0,0
Norkpo-FS,2026-07-30 07:00:00,43.0,100.0,50.9,49.1,160.5,2.101,0,0,,,,,,0.0,0.0,0.0,0.0,-1.0,100.0,51.93333333333334,0,0,0,1,0,0,0,0,0,0
Norkpo-FS,2026-07-30 08:00:00,43.0,100.0,41.7,58.3,160.5,3.004,0,0,,,,,,0.0,0.0,0.0,0.0,9.199999999999996,100.0,53.93333333333333,0,0,0,1,0,0,0,0,0,0
Norkpo-FS,2026-07-30 09:00:00,43.0,100.0,47.8,52.2,159.7,1.753,0,0,,,,,,0.0,0.0,0.0,0.0,-6.099999999999994,100.0,52.63333333333333,0,0,0,1,0,0,0,0,0,0
Norkpo-FS,2026-07-30 10:00:00,43.0,100.0,47.6,52.4,160.4,2.004,0,0,,,,,,0.0,0.0,0.0,0.0,0.19999999999999574,100.0,52.96666666666667,0,0,0,1,0,0,0,0,0,0
Norkpo-FS,2026-07-30 11:00:00,43.0,100.0,42.5,57.5,159.4,2.101,0,0,,,,,,0.0,0.0,0.0,0.0,5.100000000000001,100.0,53.26666666666667,0,0,0,1,0,0,0,0,0,0
Norkpo-FS,2026-07-30 12:00:00,43.0,100.0,47.8,52.2,157.1,2.053,0,0,,,,,,0.0,0.0,0.0,0.0,-5.299999999999997,100.0,53.61666666666667,0,0,0,1,0,0,0,0,0,0
Norkpo-FS,2026-07-30 13:00:00,43.0,100.0,41.0,59.0,157.8,1.942,0,0,,,,,,0.0,0.0,0.0,0.0,6.799999999999997,100.0,55.26666666666666,0,0,0,1,0,0,0,0,0,0
Norkpo-FS,2026-07-30 14:00:00,43.0,100.0,40.0,60.0,156.8,2.948,0,0,,,,,,0.0,0.0,0.0,0.0,1.0,100.0,55.550000000000004,0,0,0,1,0,0,0,0,0,0
Norkpo-FS,2026-07-30 15:00:00,43.0,100.0,51.0,49.0,155.1,2.121,0,0,,,,,,0.0,0.0,0.0,0.0,-11.0,100.0,55.01666666666666,0,0,0,1,0,0,0,0,0,0
Norkpo-FS,2026-07-30 16:00:00,43.0,100.0,46.7,53.3,154.5,1.96,0,0,,,,,,0.0,0.0,0.0,0.0,4.299999999999997,100.0,55.166666666666664,0,0,0,1,0,0,0,0,0,0
Norkpo-FS,2026-07-30 17:00:00,43.0,100.0,44.2,55.8,156.6,2.715,0,0,,,,,,0.0,0.0,0.0,0.0,2.5,100.0,54.88333333333333,0,0,0,1,0,0,0,0,0,0
Norkpo-FS,2026-07-30 18:00:00,43.0,100.0,49.9,50.1,154.8,1.725,0,0,,,,,,0.0,0.0,0.0,0.0,-5.699999999999996,100.0,54.53333333333333,0,0,0,1,0,0,0,0,0,0
Norkpo-FS,2026-07-30 19:00:00,43.0,100.0,41.9,58.1,154.9,1.807,0,0,,,,,,0.0,0.0,0.0,0.0,8.0,100.0,54.38333333333333,0,0,0,1,0,0,0,0,0,0
Norkpo-FS,2026-07-30 20:00:00,43.0,100.0,44.4,55.6,155.8,1.551,0,0,,,,,,0.0,0.0,0.0,0.0,-2.5,100.0,53.650000000000006,0,0,0,1,0,0,0,0,0,0
Norkpo-FS,2026-07-30 21:00:00,43.0,100.0,47.8,52.2,154.4,1.427,0,0,,,,,,0.0,0.0,0.0,0.0,-3.3999999999999986,100.0,54.18333333333334,0,0,0,1,0,0,0,0,0,0
Norkpo-FS,2026-07-30 22:00:00,43.0,100.0,40.0,60.0,156.8,1.622,0,0,,,,,,0.0,0.0,0.0,0.0,7.799999999999997,100.0,55.300000000000004,0,0,0,1,0,0,0,0,0,0
Norkpo-FS,2026-07-30 23:00:00,43.0,100.0,51.0,49.0,156.3,1.59,0,0,,,,,,0.0,0.0,0.0,0.0,-11.0,100.0,54.166666666666664,0,0,0,1,0,0,0,0,0,0
Otumara-FS,2026-07-28 23:00:00,49.0,100.0,40.8,59.2,155.7,2.071,0,0,,,,,,0.0,0.0,0.0,0.0,9.800000000000004,100.0,55.366666666666674,0,0,0,0,1,0,0,0,0,0
Otumara-FS,2026-07-29 00:00:00,49.0,100.0,44.5,55.5,157.9,2.05,0,0,,,,,,0.0,0.0,0.0,0.0,-3.700000000000003,100.0,55.26666666666667,0,0,0,0,1,0,0,0,0,0
Otumara-FS,2026-07-29 01:00:00,49.0,100.0,48.9,51.1,158.2,1.787,0,0,,,,,,0.0,0.0,0.0,0.0,-4.399999999999999,100.0,55.166666666666664,0,0,0,0,1,0,0,0,0,0
Otumara-FS,2026-07-29 02:00:00,49.0,100.0,44.7,55.3,158.7,1.739,0,0,,,,,,0.0,0.0,0.0,0.0,4.199999999999996,100.0,55.03333333333333,0,0,0,0,1,0,0,0,0,0
Otumara-FS,2026-07-29 03:00:00,49.0,100.0,43.0,57.0,160.7,2.041,0,0,,,,,,0.0,0.0,0.0,0.0,1.7000000000000028,100.0,54.583333333333336,0,0,0,0,1,0,0,0,0,0
Otumara-FS,2026-07-29 04:00:00,49.0,100.0,44.4,55.6,160.4,2.058,0,0,,,,,,0.0,0.0,0.0,0.0,-1.3999999999999986,100.0,55.616666666666674,0,0,0,0,1,0,0,0,0,0
Otumara-FS,2026-07-29 05:00:00,49.0,100.0,45.1,54.9,161.6,1.969,0,0,,,,,,0.0,0.0,0.0,0.0,-0.7000000000000028,100.0,54.9,0,0,0,0,1,0,0,0,0,0
Otumara-FS,2026-07-29 06:00:00,49.0,100.0,46.9,53.1,161.0,2.157,0,1,2929.0,1434.5,561.9,3490.9,16.1,0.0,0.0,0.0,0.0,-1.7999999999999972,100.0,54.5,0,0,0,0,1,0,0,0,0,0
Otumara-FS,2026-07-29 07:00:00,49.0,100.0,41.5,58.5,160.3,1.976,0,0,,,,,,0.0,0.0,0.0,0.0,5.399999999999999,100.0,55.73333333333334,0,0,0,0,1,0,0,0,0,0
Otumara-FS,2026-07-29 08:00:00,49.0,100.0,51.9,48.1,161.6,1.646,0,0,,,,,,0.0,0.0,0.0,0.0,-10.399999999999999,100.0,54.53333333333333,0,0,0,0,1,0,0,0,0,0
Otumara-FS,2026-07-29 09:00:00,49.0,100.0,45.5,54.5,160.3,2.266,0,0,,,,,,0.0,0.0,0.0,0.0,6.399999999999999,100.0,54.11666666666667,0,0,0,0,1,0,0,0,0,0
Otumara-FS,2026-07-29 10:00:00,49.0,100.0,47.8,52.2,156.4,1.274,0,0,,,,,,0.0,0.0,0.0,0.0,-2.299999999999997,100.0,53.54999999999999,0,0,0,0,1,0,0,0,0,0
Otumara-FS,2026-07-29 11:00:00,49.0,100.0,57.7,42.3,158.8,2.414,0,0,,,,,,0.0,0.0,0.0,0.0,-9.900000000000006,100.0,51.449999999999996,0,0,0,0,1,0,0,0,0,0
Otumara-FS,2026-07-29 12:00:00,49.0,100.0,50.2,49.8,158.3,2.535,0,0,,,,,,0.0,0.0,0.0,0.0,7.5,100.0,50.9,0,0,0,0,1,0,0,0,0,0
Otumara-FS,2026-07-29 13:00:00,49.0,100.0,41.0,59.0,156.5,1.83,0,0,,,,,,0.0,0.0,0.0,0.0,9.200000000000003,100.0,50.98333333333333,0,0,0,0,1,0,0,0,0,0
Otumara-FS,2026-07-29 14:00:00,49.0,100.0,48.8,51.2,155.1,2.391,0,0,,,,,,0.0,0.0,0.0,0.0,-7.799999999999997,100.0,51.5,0,0,0,0,1,0,0,0,0,0
Otumara-FS,2026-07-29 15:00:00,49.0,100.0,49.8,50.2,154.9,2.609,0,0,,,,,,0.0,0.0,0.0,0.0,-1.0,100.0,50.78333333333333,0,0,0,0,1,0,0,0,0,0
Otumara-FS,2026-07-29 16:00:00,49.0,100.0,45.8,54.2,155.8,2.47,0,0,,,,,,0.0,0.0,0.0,0.0,4.0,100.0,51.11666666666667,0,0,0,0,1,0,0,0,0,0
Otumara-FS,2026-07-29 17:00:00,49.0,100.0,40.3,59.7,154.5,0.861,0,0,,,,,,0.0,0.0,0.0,0.0,5.5,100.0,54.01666666666667,0,0,0,0,1,0,0,0,0,0
Otumara-FS,2026-07-29 18:00:00,49.0,100.0,40.0,60.0,155.3,2.474,0,0,,,,,,0.0,0.0,0.0,0.0,0.29999999999999716,100.0,55.716666666666676,0,0,0,0,1,0,0,0,0,0
Otumara-FS,2026-07-29 19:00:00,49.0,100.0,48.5,51.5,156.4,2.001,0,0,,,,,,0.0,0.0,0.0,0.0,-8.5,100.0,54.466666666666676,0,0,0,0,1,0,0,0,0,0
Otumara-FS,2026-07-29 20:00:00,49.0,100.0,54.4,45.6,156.6,2.136,0,0,,,,,,0.0,0.0,0.0,0.0,-5.899999999999999,100.0,53.53333333333333,0,0,0,0,1,0,0,0,0,0
Otumara-FS,2026-07-29 21:00:00,49.0,100.0,40.0,60.0,156.9,2.113,0,0,,,,,,0.0,0.0,0.0,0.0,14.399999999999999,100.0,55.166666666666664,0,0,0,0,1,0,0,0,0,0
Otumara-FS,2026-07-29 22:00:00,49.0,100.0,40.0,60.0,156.6,1.71,0,0,,,,,,0.0,0.0,0.0,0.0,0.0,100.0,56.13333333333333,0,0,0,0,1,0,0,0,0,0
Otumara-FS,2026-07-29 23:00:00,49.0,100.0,46.4,53.6,157.1,2.087,0,0,,,,,,0.0,0.0,0.0,0.0,-6.399999999999999,100.0,55.116666666666674,0,0,0,0,1,0,0,0,0,0
Otumara-FS,2026-07-30 00:00:00,49.0,100.0,48.1,51.9,156.5,2.202,0,0,,,,,,0.0,0.0,0.0,0.0,-1.7000000000000028,100.0,53.76666666666667,0,0,0,0,1,0,0,0,0,0
Otumara-FS,2026-07-30 01:00:00,49.0,100.0,45.3,54.7,158.4,2.261,0,0,,,,,,0.0,0.0,0.0,0.0,2.8000000000000043,100.0,54.300000000000004,0,0,0,0,1,0,0,0,0,0
Otumara-FS,2026-07-30 02:00:00,49.0,100.0,40.0,60.0,159.4,1.388,0,0,,,,,,0.0,0.0,0.0,0.0,5.299999999999997,100.0,56.699999999999996,0,0,0,0,1,0,0,0,0,0
Otumara-FS,2026-07-30 03:00:00,49.0,100.0,40.6,59.4,160.2,3.012,0,0,,,,,,0.0,0.0,0.0,0.0,-0.6000000000000014,100.0,56.6,0,0,0,0,1,0,0,0,0,0
Otumara-FS,2026-07-30 04:00:00,49.0,100.0,45.2,54.8,160.4,1.505,0,0,,,,,,0.0,0.0,0.0,0.0,-4.600000000000001,100.0,55.73333333333333,0,0,0,0,1,0,0,0,0,0
Otumara-FS,2026-07-30 05:00:00,49.0,100.0,44.9,55.1,162.8,2.32,0,0,,,,,,0.0,0.0,0.0,0.0,0.30000000000000426,100.0,55.98333333333333,0,0,0,0,1,0,0,0,0,0
Otumara-FS,2026-07-30 06:00:00,49.0,100.0,42.5,57.5,161.8,1.677,0,1,2706.8,1332.5,555.5,3262.3,17.03,0.0,0.0,0.0,0.0,2.3999999999999986,100.0,56.916666666666664,0,0,0,0,1,0,0,0,0,0
Otumara-FS,2026-07-30 07:00:00,49.0,100.0,48.7,51.3,158.9,1.901,0,0,,,,,,0.0,0.0,0.0,0.0,-6.200000000000003,100.0,56.35,0,0,0,0,1,0,0,0,0,0
Otumara-FS,2026-07-30 08:00:00,49.0,100.0,51.3,48.7,161.7,2.11,0,0,,,,,,0.0,0.0,0.0,0.0,-2.5999999999999943,100.0,54.46666666666667,0,0,0,0,1,0,0,0,0,0
Otumara-FS,2026-07-30 09:00:00,49.0,100.0,46.5,53.5,159.3,2.379,0,0,,,,,,0.0,0.0,0.0,0.0,4.799999999999997,100.0,53.48333333333333,0,0,0,0,1,0,0,0,0,0
Otumara-FS,2026-07-30 10:00:00,49.0,100.0,50.4,49.6,158.0,2.291,0,0,,,,,,0.0,0.0,0.0,0.0,-3.8999999999999986,100.0,52.616666666666674,0,0,0,0,1,0,0,0,0,0
Otumara-FS,2026-07-30 11:00:00,49.0,100.0,40.0,60.0,159.1,1.813,0,0,,,,,,0.0,0.0,0.0,0.0,10.399999999999999,100.0,53.43333333333334,0,0,0,0,1,0,0,0,0,0
Otumara-FS,2026-07-30 12:00:00,49.0,100.0,40.0,60.0,157.1,2.097,0,0,,,,,,0.0,0.0,0.0,0.0,0.0,100.0,53.85,0,0,0,0,1,0,0,0,0,0
Otumara-FS,2026-07-30 13:00:00,49.0,100.0,40.0,60.0,155.3,2.079,0,0,,,,,,0.0,0.0,0.0,0.0,0.0,100.0,55.300000000000004,0,0,0,0,1,0,0,0,0,0
Otumara-FS,2026-07-30 14:00:00,49.0,100.0,43.1,56.9,156.4,2.118,0,0,,,,,,0.0,0.0,0.0,0.0,-3.1000000000000014,100.0,56.666666666666664,0,0,0,0,1,0,0,0,0,0
Otumara-FS,2026-07-30 15:00:00,49.0,100.0,53.7,46.3,156.4,1.328,0,0,,,,,,0.0,0.0,0.0,0.0,-10.600000000000001,100.0,55.46666666666667,0,0,0,0,1,0,0,0,0,0
Otumara-FS,2026-07-30 16:00:00,49.0,100.0,42.6,57.4,155.4,2.289,0,0,,,,,,0.0,0.0,0.0,0.0,11.100000000000001,100.0,56.76666666666666,0,0,0,0,1,0,0,0,0,0
Otumara-FS,2026-07-30 17:00:00,49.0,100.0,40.0,60.0,155.9,1.976,0,0,,,,,,0.0,0.0,0.0,0.0,2.6000000000000014,100.0,56.76666666666666,0,0,0,0,1,0,0,0,0,0
Otumara-FS,2026-07-30 18:00:00,49.0,100.0,40.0,60.0,156.5,1.824,0,0,,,,,,0.0,0.0,0.0,0.0,0.0,100.0,56.76666666666666,0,0,0,0,1,0,0,0,0,0
Otumara-FS,2026-07-30 19:00:00,49.0,100.0,41.1,58.9,154.7,2.123,0,0,,,,,,0.0,0.0,0.0,0.0,-1.1000000000000014,100.0,56.583333333333336,0,0,0,0,1,0,0,0,0,0
Otumara-FS,2026-07-30 20:00:00,49.0,100.0,47.7,52.3,154.7,1.91,0,0,,,,,,0.0,0.0,0.0,0.0,-6.600000000000001,100.0,55.81666666666666,0,0,0,0,1,0,0,0,0,0
Otumara-FS,2026-07-30 21:00:00,49.0,100.0,52.4,47.6,154.6,1.253,0,0,,,,,,0.0,0.0,0.0,0.0,-4.699999999999996,100.0,56.03333333333333,0,0,0,0,1,0,0,0,0,0
Otumara-FS,2026-07-30 22:00:00,49.0,100.0,46.3,53.7,157.6,1.688,0,0,,,,,,0.0,0.0,0.0,0.0,6.100000000000001,100.0,55.416666666666664,0,0,0,0,1,0,0,0,0,0
Otumara-FS,2026-07-30 23:00:00,49.0,100.0,49.2,50.8,157.2,2.255,0,0,,,,,,0.0,0.0,0.0,0.0,-2.9000000000000057,100.0,53.88333333333333,0,0,0,0,1,0,0,0,0,0
Otumara-FS,2026-07-28 23:00:00,44.0,100.0,42.3,57.7,157.3,2.604,0,0,,,,,,0.0,0.0,0.0,0.0,-0.6999999999999957,100.0,56.949999999999996,0,0,0,0,0,1,0,0,0,0
Otumara-FS,2026-07-29 00:00:00,44.0,100.0,49.5,50.5,158.8,1.695,0,0,,,,,,0.0,0.0,0.0,0.0,-7.200000000000003,100.0,56.449999999999996,0,0,0,0,0,1,0,0,0,0
Otumara-FS,2026-07-29 01:00:00,44.0,100.0,50.0,50.0,160.3,1.637,0,0,,,,,,0.0,0.0,0.0,0.0,-0.5,100.0,55.01666666666667,0,0,0,0,0,1,0,0,0,0
Otumara-FS,2026-07-29 02:00:00,44.0,100.0,50.7,49.3,159.0,1.981,0,0,,,,,,0.0,0.0,0.0,0.0,-0.7000000000000028,100.0,53.699999999999996,0,0,0,0,0,1,0,0,0,0
Otumara-FS,2026-07-29 03:00:00,44.0,100.0,43.1,56.9,160.4,1.572,0,0,,,,,,0.0,0.0,0.0,0.0,7.600000000000001,100.0,53.800000000000004,0,0,0,0,0,1,0,0,0,0
Otumara-FS,2026-07-29 04:00:00,44.0,100.0,48.1,51.9,158.5,1.385,0,0,,,,,,0.0,0.0,0.0,0.0,-5.0,100.0,52.71666666666666,0,0,0,0,0,1,0,0,0,0
Otumara-FS,2026-07-29 05:00:00,44.0,100.0,43.8,56.2,161.8,1.723,0,0,,,,,,0.0,0.0,0.0,0.0,4.300000000000004,100.0,52.46666666666667,0,0,0,0,0,1,0,0,0,0
Otumara-FS,2026-07-29 06:00:00,44.0,100.0,40.0,60.0,161.6,2.12,0,1,1852.7,1070.6,561.9,2414.6,23.27,0.0,0.0,0.0,0.0,3.799999999999997,100.0,54.050000000000004,0,0,0,0,0,1,0,0,0,0
Otumara-FS,2026-07-29 07:00:00,44.0,100.0,46.2,53.8,161.0,1.623,0,0,,,,,,0.0,0.0,0.0,0.0,-6.200000000000003,100.0,54.68333333333333,0,0,0,0,0,1,0,0,0,0
Otumara-FS,2026-07-29 08:00:00,44.0,100.0,41.4,58.6,162.3,1.77,0,0,,,,,,0.0,0.0,0.0,0.0,4.800000000000004,100.0,56.23333333333333,0,0,0,0,0,1,0,0,0,0
Otumara-FS,2026-07-29 09:00:00,44.0,100.0,46.5,53.5,159.2,2.051,0,0,,,,,,0.0,0.0,0.0,0.0,-5.100000000000001,100.0,55.666666666666664,0,0,0,0,0,1,0,0,0,0
Otumara-FS,2026-07-29 10:00:00,44.0,100.0,52.1,47.9,159.8,2.208,0,0,,,,,,0.0,0.0,0.0,0.0,-5.600000000000001,100.0,55.0,0,0,0,0,0,1,0,0,0,0
Otumara-FS,2026-07-29 11:00:00,44.0,100.0,51.1,48.9,158.9,2.743,0,0,,,,,,0.0,0.0,0.0,0.0,1.0,100.0,53.78333333333333,0,0,0,0,0,1,0,0,0,0
Otumara-FS,2026-07-29 12:00:00,44.0,100.0,40.0,60.0,158.4,1.8,0,0,,,,,,0.0,0.0,0.0,0.0,11.100000000000001,100.0,53.78333333333333,0,0,0,0,0,1,0,0,0,0
Otumara-FS,2026-07-29 13:00:00,44.0,100.0,40.0,60.0,157.1,2.532,0,0,,,,,,0.0,0.0,0.0,0.0,0.0,100.0,54.81666666666667,0,0,0,0,0,1,0,0,0,0
Otumara-FS,2026-07-29 14:00:00,44.0,100.0,42.0,58.0,156.3,1.684,0,0,,,,,,0.0,0.0,0.0,0.0,-2.0,100.0,54.71666666666667,0,0,0,0,0,1,0,0,0,0
Otumara-FS,2026-07-29 15:00:00,44.0,100.0,44.9,55.1,155.6,2.014,0,0,,,,,,0.0,0.0,0.0,0.0,-2.8999999999999986,100.0,54.98333333333333,0,0,0,0,0,1,0,0,0,0
Otumara-FS,2026-07-29 16:00:00,44.0,100.0,49.7,50.3,154.5,2.102,0,0,,,,,,0.0,0.0,0.0,0.0,-4.800000000000004,100.0,55.38333333333333,0,0,0,0,0,1,0,0,0,0
Otumara-FS,2026-07-29 17:00:00,44.0,100.0,54.4,45.6,155.1,2.139,0,0,,,,,,0.0,0.0,0.0,0.0,-4.699999999999996,100.0,54.833333333333336,0,0,0,0,0,1,0,0,0,0
Otumara-FS,2026-07-29 18:00:00,44.0,100.0,49.5,50.5,154.9,2.14,0,0,,,,,,0.0,0.0,0.0,0.0,4.899999999999999,100.0,53.25,0,0,0,0,0,1,0,0,0,0
Otumara-FS,2026-07-29 19:00:00,44.0,100.0,40.0,60.0,156.9,2.251,0,0,,,,,,0.0,0.0,0.0,0.0,9.5,100.0,53.25,0,0,0,0,0,1,0,0,0,0
Otumara-FS,2026-07-29 20:00:00,44.0,100.0,43.1,56.9,154.5,1.999,0,0,,,,,,0.0,0.0,0.0,0.0,-3.1000000000000014,100.0,53.06666666666666,0,0,0,0,0,1,0,0,0,0
Otumara-FS,2026-07-29 21:00:00,44.0,100.0,41.5,58.5,156.7,1.88,0,0,,,,,,0.0,0.0,0.0,0.0,1.6000000000000014,100.0,53.63333333333333,0,0,0,0,0,1,0,0,0,0
Otumara-FS,2026-07-29 22:00:00,44.0,100.0,43.9,56.1,155.6,1.37,0,0,,,,,,0.0,0.0,0.0,0.0,-2.3999999999999986,100.0,54.6,0,0,0,0,0,1,0,0,0,0
Otumara-FS,2026-07-29 23:00:00,44.0,100.0,47.3,52.7,156.8,2.1,0,0,,,,,,0.0,0.0,0.0,0.0,-3.3999999999999986,100.0,55.78333333333333,0,0,0,0,0,1,0,0,0,0
Otumara-FS,2026-07-30 00:00:00,44.0,100.0,42.6,57.4,158.5,2.352,0,0,,,,,,0.0,0.0,0.0,0.0,4.699999999999996,100.0,56.93333333333333,0,0,0,0,0,1,0,0,0,0
Otumara-FS,2026-07-30 01:00:00,44.0,100.0,47.9,52.1,160.3,1.604,0,0,,,,,,0.0,0.0,0.0,0.0,-5.299999999999997,100.0,55.61666666666667,0,0,0,0,0,1,0,0,0,0
Otumara-FS,2026-07-30 02:00:00,44.0,100.0,44.6,55.4,159.4,1.975,0,0,,,,,,0.0,0.0,0.0,0.0,3.299999999999997,100.0,55.36666666666667,0,0,0,0,0,1,0,0,0,0
Otumara-FS,2026-07-30 03:00:00,44.0,100.0,53.8,46.2,159.0,1.697,0,0,,,,,,0.0,0.0,0.0,0.0,-9.199999999999996,100.0,53.31666666666667,0,0,0,0,0,1,0,0,0,0
Otumara-FS,2026-07-30 04:00:00,44.0,100.0,43.1,56.9,160.6,2.663,0,0,,,,,,0.0,0.0,0.0,0.0,10.699999999999996,100.0,53.449999999999996,0,0,0,0,0,1,0,0,0,0
Otumara-FS,2026-07-30 05:00:00,44.0,100.0,45.8,54.2,161.2,1.411,0,0,,,,,,0.0,0.0,0.0,0.0,-2.6999999999999957,100.0,53.699999999999996,0,0,0,0,0,1,0,0,0,0
Otumara-FS,2026-07-30 06:00:00,44.0,100.0,45.4,54.6,161.2,2.263,0,1,1901.3,1014.9,623.2,2524.4,24.69,0.0,0.0,0.0,0.0,0.3999999999999986,100.0,53.23333333333334,0,0,0,0,0,1,0,0,0,0
Otumara-FS,2026-07-30 07:00:00,44.0,100.0,44.5,55.5,159.4,1.615,0,0,,,,,,0.0,0.0,0.0,0.0,0.8999999999999986,100.0,53.800000000000004,0,0,0,0,0,1,0,0,0,0
Otumara-FS,2026-07-30 08:00:00,44.0,100.0,40.0,60.0,159.0,1.672,0,0,,,,,,0.0,0.0,0.0,0.0,4.5,100.0,54.56666666666667,0,0,0,0,0,1,0,0,0,0
Otumara-FS,2026-07-30 09:00:00,44.0,100.0,53.6,46.4,160.3,2.57,0,0,,,,,,0.0,0.0,0.0,0.0,-13.600000000000001,100.0,54.599999999999994,0,0,0,0,0,1,0,0,0,0
Otumara-FS,2026-07-30 10:00:00,44.0,100.0,43.9,56.1,159.4,2.472,0,0,,,,,,0.0,0.0,0.0,0.0,9.700000000000003,100.0,54.46666666666667,0,0,0,0,0,1,0,0,0,0
Otumara-FS,2026-07-30 11:00:00,44.0,100.0,40.9,59.1,158.9,3.036,0,0,,,,,,0.0,0.0,0.0,0.0,3.0,100.0,55.28333333333334,0,0,0,0,0,1,0,0,0,0
Otumara-FS,2026-07-30 12:00:00,44.0,100.0,49.4,50.6,157.0,1.412,0,0,,,,,,0.0,0.0,0.0,0.0,-8.5,100.0,54.61666666666667,0,0,0,0,0,1,0,0,0,0
Otumara-FS,2026-07-30 13:00:00,44.0,100.0,48.6,51.4,157.4,2.272,0,0,,,,,,0.0,0.0,0.0,0.0,0.7999999999999972,100.0,53.93333333333334,0,0,0,0,0,1,0,0,0,0
Otumara-FS,2026-07-30 14:00:00,44.0,100.0,46.6,53.4,156.4,2.013,0,0,,,,,,0.0,0.0,0.0,0.0,2.0,100.0,52.833333333333336,0,0,0,0,0,1,0,0,0,0
Otumara-FS,2026-07-30 15:00:00,44.0,100.0,40.3,59.7,155.4,2.274,0,0,,,,,,0.0,0.0,0.0,0.0,6.300000000000004,100.0,55.050000000000004,0,0,0,0,0,1,0,0,0,0
Otumara-FS,2026-07-30 16:00:00,44.0,100.0,47.0,53.0,157.3,1.736,0,0,,,,,,0.0,0.0,0.0,0.0,-6.700000000000003,100.0,54.53333333333333,0,0,0,0,0,1,0,0,0,0
Otumara-FS,2026-07-30 17:00:00,44.0,100.0,40.0,60.0,152.9,2.288,0,0,,,,,,0.0,0.0,0.0,0.0,7.0,100.0,54.68333333333334,0,0,0,0,0,1,0,0,0,0
Otumara-FS,2026-07-30 18:00:00,44.0,100.0,48.3,51.7,155.2,2.228,0,0,,,,,,0.0,0.0,0.0,0.0,-8.299999999999997,100.0,54.86666666666667,0,0,0,0,0,1,0,0,0,0
Otumara-FS,2026-07-30 19:00:00,44.0,100.0,40.0,60.0,155.8,1.898,0,0,,,,,,0.0,0.0,0.0,0.0,8.299999999999997,100.0,56.29999999999999,0,0,0,0,0,1,0,0,0,0
Otumara-FS,2026-07-30 20:00:00,44.0,100.0,43.1,56.9,154.3,2.038,0,0,,,,,,0.0,0.0,0.0,0.0,-3.1000000000000014,100.0,56.88333333333333,0,0,0,0,0,1,0,0,0,0
Otumara-FS,2026-07-30 21:00:00,44.0,100.0,43.4,56.6,154.6,1.962,0,0,,,,,,0.0,0.0,0.0,0.0,-0.29999999999999716,100.0,56.36666666666667,0,0,0,0,0,1,0,0,0,0
Otumara-FS,2026-07-30 22:00:00,44.0,100.0,47.1,52.9,156.9,1.792,0,0,,,,,,0.0,0.0,0.0,0.0,-3.700000000000003,100.0,56.35,0,0,0,0,0,1,0,0,0,0
Otumara-FS,2026-07-30 23:00:00,44.0,100.0,44.4,55.6,157.9,2.101,0,0,,,,,,0.0,0.0,0.0,0.0,2.700000000000003,100.0,55.61666666666667,0,0,0,0,0,1,0,0,0,0
Soku-FS,2026-07-28 23:00:00,37.0,100.0,44.1,55.9,156.1,2.41,1,0,,,,,,0.0,0.0,0.0,0.0,9.399999999999999,100.0,54.916666666666664,0,0,0,0,0,0,1,0,0,0
Soku-FS,2026-07-29 00:00:00,37.0,100.0,40.0,60.0,157.4,2.523,1,0,,,,,,0.0,0.0,0.0,0.0,4.100000000000001,100.0,55.36666666666667,0,0,0,0,0,0,1,0,0,0
Soku-FS,2026-07-29 01:00:00,37.0,100.0,49.0,51.0,160.1,2.159,1,0,,,,,,0.0,0.0,0.0,0.0,-9.0,100.0,55.15,0,0,0,0,0,0,1,0,0,0
Soku-FS,2026-07-29 02:00:00,37.0,100.0,40.0,60.0,160.4,2.182,1,0,,,,,,0.0,0.0,0.0,0.0,9.0,100.0,55.56666666666666,0,0,0,0,0,0,1,0,0,0
Soku-FS,2026-07-29 03:00:00,37.0,100.0,40.0,60.0,158.6,1.871,1,0,,,,,,0.0,0.0,0.0,0.0,0.0,100.0,55.56666666666666,0,0,0,0,0,0,1,0,0,0
Soku-FS,2026-07-29 04:00:00,37.0,100.0,46.0,54.0,161.3,1.865,1,0,,,,,,0.0,0.0,0.0,0.0,-6.0,100.0,56.81666666666666,0,0,0,0,0,0,1,0,0,0
Soku-FS,2026-07-29 05:00:00,37.0,100.0,49.4,50.6,160.9,1.914,1,0,,,,,,0.0,0.0,0.0,0.0,-3.3999999999999986,100.0,55.93333333333334,0,0,0,0,0,0,1,0,0,0
Soku-FS,2026-07-29 06:00:00,37.0,100.0,40.6,59.4,161.0,1.451,1,1,1583.5,974.4,2085.1,3668.6,56.84,0.0,0.0,0.0,0.0,8.799999999999997,100.0,55.833333333333336,0,0,0,0,0,0,1,0,0,0
Soku-FS,2026-07-29 07:00:00,37.0,100.0,54.5,45.5,159.9,2.432,1,0,,,,,,0.0,0.0,0.0,0.0,-13.899999999999999,100.0,54.916666666666664,0,0,0,0,0,0,1,0,0,0
Soku-FS,2026-07-29 08:00:00,37.0,100.0,40.0,60.0,160.0,2.21,1,0,,,,,,0.0,0.0,0.0,0.0,14.5,100.0,54.916666666666664,0,0,0,0,0,0,1,0,0,0
Soku-FS,2026-07-29 09:00:00,37.0,100.0,44.6,55.4,159.6,1.524,1,0,,,,,,0.0,0.0,0.0,0.0,-4.600000000000001,100.0,54.15,0,0,0,0,0,0,1,0,0,0
Soku-FS,2026-07-29 10:00:00,37.0,100.0,40.0,60.0,158.9,2.366,1,0,,,,,,0.0,0.0,0.0,0.0,4.600000000000001,100.0,55.15,0,0,0,0,0,0,1,0,0,0
Soku-FS,2026-07-29 11:00:00,37.0,100.0,47.3,52.7,157.4,1.623,1,0,,,,,,0.0,0.0,0.0,0.0,-7.299999999999997,100.0,55.5,0,0,0,0,0,0,1,0,0,0
Soku-FS,2026-07-29 12:00:00,37.0,100.0,40.0,60.0,157.4,1.65,1,0,,,,,,0.0,0.0,0.0,0.0,7.299999999999997,100.0,55.6,0,0,0,0,0,0,1,0,0,0
Soku-FS,2026-07-29 13:00:00,37.0,100.0,45.9,54.1,156.2,2.431,1,0,,,,,,0.0,0.0,0.0,0.0,-5.899999999999999,100.0,57.03333333333333,0,0,0,0,0,0,1,0,0,0
Soku-FS,2026-07-29 14:00:00,37.0,100.0,40.0,60.0,157.6,2.034,1,0,,,,,,0.0,0.0,0.0,0.0,5.899999999999999,100.0,57.03333333333333,0,0,0,0,0,0,1,0,0,0
Soku-FS,2026-07-29 15:00:00,37.0,100.0,50.0,50.0,153.9,1.665,1,0,,,,,,0.0,0.0,0.0,0.0,-10.0,100.0,56.133333333333326,0,0,0,0,0,0,1,0,0,0
Soku-FS,2026-07-29 16:00:00,37.0,100.0,40.0,60.0,155.7,2.195,1,0,,,,,,0.0,0.0,0.0,0.0,10.0,100.0,56.133333333333326,0,0,0,0,0,0,1,0,0,0
Soku-FS,2026-07-29 17:00:00,37.0,100.0,46.7,53.3,154.7,2.46,1,0,,,,,,0.0,0.0,0.0,0.0,-6.700000000000003,100.0,56.23333333333333,0,0,0,0,0,0,1,0,0,0
Soku-FS,2026-07-29 18:00:00,37.0,100.0,49.0,51.0,155.5,1.083,1,0,,,,,,0.0,0.0,0.0,0.0,-2.299999999999997,100.0,54.73333333333333,0,0,0,0,0,0,1,0,0,0
Soku-FS,2026-07-29 19:00:00,37.0,100.0,41.4,58.6,153.1,1.772,1,0,,,,,,0.0,0.0,0.0,0.0,7.600000000000001,100.0,55.48333333333334,0,0,0,0,0,0,1,0,0,0
Soku-FS,2026-07-29 20:00:00,37.0,100.0,43.8,56.2,154.8,2.565,1,0,,,,,,0.0,0.0,0.0,0.0,-2.3999999999999986,100.0,54.85,0,0,0,0,0,0,1,0,0,0
Soku-FS,2026-07-29 21:00:00,37.0,100.0,40.0,60.0,154.1,1.554,1,0,,,,,,0.0,0.0,0.0,0.0,3.799999999999997,100.0,56.51666666666667,0,0,0,0,0,0,1,0,0,0
Soku-FS,2026-07-29 22:00:00,37.0,100.0,53.5,46.5,156.2,1.933,1,0,,,,,,0.0,0.0,0.0,0.0,-13.5,100.0,54.26666666666667,0,0,0,0,0,0,1,0,0,0
Soku-FS,2026-07-29 23:00:00,37.0,100.0,58.8,41.2,158.1,1.567,1,0,,,,,,0.0,0.0,0.0,0.0,-5.299999999999997,100.0,52.25,0,0,0,0,0,0,1,0,0,0
Soku-FS,2026-07-30 00:00:00,37.0,100.0,46.7,53.3,159.0,2.201,1,0,,,,,,0.0,0.0,0.0,0.0,12.099999999999994,100.0,52.63333333333333,0,0,0,0,0,0,1,0,0,0
Soku-FS,2026-07-30 01:00:00,37.0,100.0,50.1,49.9,158.7,1.953,1,0,,,,,,0.0,0.0,0.0,0.0,-3.3999999999999986,100.0,51.18333333333333,0,0,0,0,0,0,1,0,0,0
Soku-FS,2026-07-30 02:00:00,37.0,100.0,40.9,59.1,159.9,1.984,1,0,,,,,,0.0,0.0,0.0,0.0,9.200000000000003,100.0,51.666666666666664,0,0,0,0,0,0,1,0,0,0
Soku-FS,2026-07-30 03:00:00,37.0,100.0,51.5,48.5,159.6,2.075,1,0,,,,,,0.0,0.0,0.0,0.0,-10.600000000000001,100.0,49.75,0,0,0,0,0,0,1,0,0,0
Soku-FS,2026-07-30 04:00:00,37.0,100.0,51.4,48.6,160.6,1.835,1,0,,,,,,0.0,0.0,0.0,0.0,0.10000000000000142,100.0,50.1,0,0,0,0,0,0,1,0,0,0
Soku-FS,2026-07-30 05:00:00,37.0,100.0,46.9,53.1,160.4,2.044,1,0,,,,,,0.0,0.0,0.0,0.0,4.5,100.0,52.083333333333336,0,0,0,0,0,0,1,0,0,0
Soku-FS,2026-07-30 06:00:00,37.0,100.0,54.4,45.6,161.1,1.562,1,1,1546.7,1025.9,2294.9,3841.6,59.74,0.0,0.0,0.0,0.0,-7.5,100.0,50.800000000000004,0,0,0,0,0,0,1,0,0,0
Soku-FS,2026-07-30 07:00:00,37.0,100.0,47.7,52.3,161.6,1.703,1,0,,,,,,0.0,0.0,0.0,0.0,6.699999999999996,100.0,51.199999999999996,0,0,0,0,0,0,1,0,0,0
Soku-FS,2026-07-30 08:00:00,37.0,100.0,41.8,58.2,159.3,2.459,1,0,,,,,,0.0,0.0,0.0,0.0,5.900000000000006,100.0,51.050000000000004,0,0,0,0,0,0,1,0,0,0
Soku-FS,2026-07-30 09:00:00,37.0,100.0,43.8,56.2,158.9,1.861,1,0,,,,,,0.0,0.0,0.0,0.0,-2.0,100.0,52.333333333333336,0,0,0,0,0,0,1,0,0,0
Soku-FS,2026-07-30 10:00:00,37.0,100.0,44.8,55.2,160.0,1.605,1,0,,,,,,0.0,0.0,0.0,0.0,-1.0,100.0,53.43333333333333,0,0,0,0,0,0,1,0,0,0
Soku-FS,2026-07-30 11:00:00,37.0,100.0,45.0,55.0,158.8,1.634,1,0,,,,,,0.0,0.0,0.0,0.0,-0.20000000000000284,100.0,53.75,0,0,0,0,0,0,1,0,0,0
Soku-FS,2026-07-30 12:00:00,37.0,100.0,40.0,60.0,157.2,2.556,1,0,,,,,,0.0,0.0,0.0,0.0,5.0,100.0,56.15,0,0,0,0,0,0,1,0,0,0
Soku-FS,2026-07-30 13:00:00,37.0,100.0,50.0,50.0,156.1,1.516,1,0,,,,,,0.0,0.0,0.0,0.0,-10.0,100.0,55.76666666666666,0,0,0,0,0,0,1,0,0,0
Soku-FS,2026-07-30 14:00:00,37.0,100.0,40.0,60.0,155.8,1.752,1,0,,,,,,0.0,0.0,0.0,0.0,10.0,100.0,56.06666666666666,0,0,0,0,0,0,1,0,0,0
Soku-FS,2026-07-30 15:00:00,37.0,100.0,40.0,60.0,155.6,2.742,1,0,,,,,,0.0,0.0,0.0,0.0,0.0,100.0,56.699999999999996,0,0,0,0,0,0,1,0,0,0
Soku-FS,2026-07-30 16:00:00,37.0,100.0,42.8,57.2,155.5,2.033,1,0,,,,,,0.0,0.0,0.0,0.0,-2.799999999999997,100.0,57.03333333333334,0,0,0,0,0,0,1,0,0,0
Soku-FS,2026-07-30 17:00:00,37.0,100.0,43.5,56.5,154.9,1.537,1,0,,,,,,0.0,0.0,0.0,0.0,-0.7000000000000028,100.0,57.28333333333334,0,0,0,0,0,0,1,0,0,0
Soku-FS,2026-07-30 18:00:00,37.0,100.0,50.8,49.2,155.8,1.949,1,0,,,,,,0.0,0.0,0.0,0.0,-7.299999999999997,100.0,55.48333333333334,0,0,0,0,0,0,1,0,0,0
Soku-FS,2026-07-30 19:00:00,37.0,100.0,40.9,59.1,152.2,1.579,1,0,,,,,,0.0,0.0,0.0,0.0,9.899999999999999,100.0,57.0,0,0,0,0,0,0,1,0,0,0
Soku-FS,2026-07-30 20:00:00,37.0,100.0,40.0,60.0,155.9,1.835,1,0,,,,,,0.0,0.0,0.0,0.0,0.8999999999999986,100.0,57.0,0,0,0,0,0,0,1,0,0,0
Soku-FS,2026-07-30 21:00:00,37.0,100.0,45.9,54.1,155.8,1.587,1,0,,,,,,0.0,0.0,0.0,0.0,-5.899999999999999,100.0,56.01666666666667,0,0,0,0,0,0,1,0,0,0
Soku-FS,2026-07-30 22:00:00,37.0,100.0,45.5,54.5,156.2,2.43,1,0,,,,,,0.0,0.0,0.0,0.0,0.3999999999999986,100.0,55.56666666666666,0,0,0,0,0,0,1,0,0,0
Soku-FS,2026-07-30 23:00:00,37.0,100.0,44.3,55.7,157.2,2.019,1,0,,,,,,0.0,0.0,0.0,0.0,1.2000000000000028,100.0,55.43333333333333,0,0,0,0,0,0,1,0,0,0
Soku-FS,2026-07-28 23:00:00,36.0,100.0,52.2,47.8,157.4,1.568,1,0,,,,,,0.0,0.0,0.0,0.0,3.5,100.0,49.73333333333333,0,0,0,0,0,0,0,1,0,0
Soku-FS,2026-07-29 00:00:00,36.0,100.0,48.6,51.4,157.6,1.458,1,0,,,,,,0.0,0.0,0.0,0.0,3.6000000000000014,100.0,49.93333333333334,0,0,0,0,0,0,0,1,0,0
Soku-FS,2026-07-29 01:00:00,36.0,100.0,44.6,55.4,158.7,2.055,1,0,,,,,,0.0,0.0,0.0,0.0,4.0,100.0,50.666666666666664,0,0,0,0,0,0,0,1,0,0
Soku-FS,2026-07-29 02:00:00,36.0,100.0,47.7,52.3,159.7,1.75,1,0,,,,,,0.0,0.0,0.0,0.0,-3.1000000000000014,100.0,50.51666666666666,0,0,0,0,0,0,0,1,0,0
Soku-FS,2026-07-29 03:00:00,36.0,100.0,52.7,47.3,161.0,1.968,1,0,,,,,,0.0,0.0,0.0,0.0,-5.0,100.0,49.75,0,0,0,0,0,0,0,1,0,0
Soku-FS,2026-07-29 04:00:00,36.0,100.0,41.5,58.5,159.5,2.395,1,0,,,,,,0.0,0.0,0.0,0.0,11.200000000000003,100.0,52.11666666666667,0,0,0,0,0,0,0,1,0,0
Soku-FS,2026-07-29 05:00:00,36.0,100.0,44.0,56.0,160.9,2.951,1,0,,,,,,0.0,0.0,0.0,0.0,-2.5,100.0,53.48333333333333,0,0,0,0,0,0,0,1,0,0
Soku-FS,2026-07-29 06:00:00,36.0,100.0,41.6,58.4,160.5,1.181,1,1,1106.5,608.5,2128.9,3235.5,65.8,0.0,0.0,0.0,0.0,2.3999999999999986,100.0,54.65,0,0,0,0,0,0,0,1,0,0
Soku-FS,2026-07-29 07:00:00,36.0,100.0,44.9,55.1,160.0,2.37,1,0,,,,,,0.0,0.0,0.0,0.0,-3.299999999999997,100.0,54.6,0,0,0,0,0,0,0,1,0,0
Soku-FS,2026-07-29 08:00:00,36.0,100.0,47.0,53.0,160.2,2.289,1,0,,,,,,0.0,0.0,0.0,0.0,-2.1000000000000014,100.0,54.71666666666667,0,0,0,0,0,0,0,1,0,0
Soku-FS,2026-07-29 09:00:00,36.0,100.0,40.0,60.0,160.5,2.311,1,0,,,,,,0.0,0.0,0.0,0.0,7.0,100.0,56.833333333333336,0,0,0,0,0,0,0,1,0,0
Soku-FS,2026-07-29 10:00:00,36.0,100.0,43.8,56.2,160.8,2.644,1,0,,,,,,0.0,0.0,0.0,0.0,-3.799999999999997,100.0,56.449999999999996,0,0,0,0,0,0,0,1,0,0
Soku-FS,2026-07-29 11:00:00,36.0,100.0,44.8,55.2,160.1,2.558,1,0,,,,,,0.0,0.0,0.0,0.0,-1.0,100.0,56.31666666666666,0,0,0,0,0,0,0,1,0,0
Soku-FS,2026-07-29 12:00:00,36.0,100.0,43.3,56.7,158.2,2.383,1,0,,,,,,0.0,0.0,0.0,0.0,1.5,100.0,56.03333333333334,0,0,0,0,0,0,0,1,0,0
Soku-FS,2026-07-29 13:00:00,36.0,100.0,47.5,52.5,157.4,2.034,1,0,,,,,,0.0,0.0,0.0,0.0,-4.200000000000003,100.0,55.6,0,0,0,0,0,0,0,1,0,0
Soku-FS,2026-07-29 14:00:00,36.0,100.0,53.8,46.2,157.6,1.976,1,0,,,,,,0.0,0.0,0.0,0.0,-6.299999999999997,100.0,54.46666666666667,0,0,0,0,0,0,0,1,0,0
Soku-FS,2026-07-29 15:00:00,36.0,100.0,45.8,54.2,156.8,1.845,1,0,,,,,,0.0,0.0,0.0,0.0,8.0,100.0,53.5,0,0,0,0,0,0,0,1,0,0
Soku-FS,2026-07-29 16:00:00,36.0,100.0,49.6,50.4,157.3,2.35,1,0,,,,,,0.0,0.0,0.0,0.0,-3.8000000000000043,100.0,52.53333333333334,0,0,0,0,0,0,0,1,0,0
Soku-FS,2026-07-29 17:00:00,36.0,100.0,40.0,60.0,154.8,2.517,1,0,,,,,,0.0,0.0,0.0,0.0,9.600000000000001,100.0,53.333333333333336,0,0,0,0,0,0,0,1,0,0
Soku-FS,2026-07-29 18:00:00,36.0,100.0,49.9,50.1,155.5,1.747,1,0,,,,,,0.0,0.0,0.0,0.0,-9.899999999999999,100.0,52.23333333333333,0,0,0,0,0,0,0,1,0,0
Soku-FS,2026-07-29 19:00:00,36.0,100.0,43.4,56.6,153.5,2.3,1,0,,,,,,0.0,0.0,0.0,0.0,6.5,100.0,52.916666666666664,0,0,0,0,0,0,0,1,0,0
Soku-FS,2026-07-29 20:00:00,36.0,100.0,44.6,55.4,155.2,2.664,1,0,,,,,,0.0,0.0,0.0,0.0,-1.2000000000000028,100.0,54.449999999999996,0,0,0,0,0,0,0,1,0,0
Soku-FS,2026-07-29 21:00:00,36.0,100.0,44.9,55.1,156.4,1.756,1,0,,,,,,0.0,0.0,0.0,0.0,-0.29999999999999716,100.0,54.6,0,0,0,0,0,0,0,1,0,0
Soku-FS,2026-07-29 22:00:00,36.0,100.0,41.0,59.0,156.8,2.225,1,0,,,,,,0.0,0.0,0.0,0.0,3.8999999999999986,100.0,56.03333333333333,0,0,0,0,0,0,0,1,0,0
Soku-FS,2026-07-29 23:00:00,36.0,100.0,45.8,54.2,156.9,2.291,1,0,,,,,,0.0,0.0,0.0,0.0,-4.799999999999997,100.0,55.06666666666666,0,0,0,0,0,0,0,1,0,0
Soku-FS,2026-07-30 00:00:00,36.0,100.0,47.4,52.6,160.4,1.865,1,0,,,,,,0.0,0.0,0.0,0.0,-1.6000000000000014,100.0,55.48333333333334,0,0,0,0,0,0,0,1,0,0
Soku-FS,2026-07-30 01:00:00,36.0,100.0,48.7,51.3,159.1,1.882,1,0,,,,,,0.0,0.0,0.0,0.0,-1.3000000000000043,100.0,54.6,0,0,0,0,0,0,0,1,0,0
Soku-FS,2026-07-30 02:00:00,36.0,100.0,54.2,45.8,157.6,2.116,1,0,,,,,,0.0,0.0,0.0,0.0,-5.5,100.0,53.0,0,0,0,0,0,0,0,1,0,0
Soku-FS,2026-07-30 03:00:00,36.0,100.0,50.2,49.8,159.4,1.447,1,0,,,,,,0.0,0.0,0.0,0.0,4.0,100.0,52.11666666666667,0,0,0,0,0,0,0,1,0,0
Soku-FS,2026-07-30 04:00:00,36.0,100.0,41.9,58.1,160.3,2.104,1,0,,,,,,0.0,0.0,0.0,0.0,8.300000000000004,100.0,51.96666666666667,0,0,0,0,0,0,0,1,0,0
Soku-FS,2026-07-30 05:00:00,36.0,100.0,51.9,48.1,160.6,1.945,1,0,,,,,,0.0,0.0,0.0,0.0,-10.0,100.0,50.949999999999996,0,0,0,0,0,0,0,1,0,0
Soku-FS,2026-07-30 06:00:00,36.0,100.0,43.0,57.0,162.1,1.939,1,1,1004.0,594.5,1804.2,2808.3,64.25,0.0,0.0,0.0,0.0,8.899999999999999,100.0,51.68333333333333,0,0,0,0,0,0,0,1,0,0
Soku-FS,2026-07-30 07:00:00,36.0,100.0,48.3,51.7,160.2,1.862,1,0,,,,,,0.0,0.0,0.0,0.0,-5.299999999999997,100.0,51.75,0,0,0,0,0,0,0,1,0,0
Soku-FS,2026-07-30 08:00:00,36.0,100.0,48.6,51.4,160.6,1.792,1,0,,,,,,0.0,0.0,0.0,0.0,-0.30000000000000426,100.0,52.68333333333334,0,0,0,0,0,0,0,1,0,0
Soku-FS,2026-07-30 09:00:00,36.0,100.0,40.0,60.0,160.4,2.427,1,0,,,,,,0.0,0.0,0.0,0.0,8.600000000000001,100.0,54.38333333333333,0,0,0,0,0,0,0,1,0,0
Soku-FS,2026-07-30 10:00:00,36.0,100.0,49.4,50.6,158.0,2.013,1,0,,,,,,0.0,0.0,0.0,0.0,-9.399999999999999,100.0,53.133333333333326,0,0,0,0,0,0,0,1,0,0
Soku-FS,2026-07-30 11:00:00,36.0,100.0,40.0,60.0,158.5,2.207,1,0,,,,,,0.0,0.0,0.0,0.0,9.399999999999999,100.0,55.116666666666674,0,0,0,0,0,0,0,1,0,0
Soku-FS,2026-07-30 12:00:00,36.0,100.0,42.2,57.8,158.4,2.038,1,0,,,,,,0.0,0.0,0.0,0.0,-2.200000000000003,100.0,55.25,0,0,0,0,0,0,0,1,0,0
Soku-FS,2026-07-30 13:00:00,36.0,100.0,54.7,45.3,157.9,2.378,1,0,,,,,,0.0,0.0,0.0,0.0,-12.5,100.0,54.18333333333333,0,0,0,0,0,0,0,1,0,0
Soku-FS,2026-07-30 14:00:00,36.0,100.0,45.5,54.5,155.9,2.075,1,0,,,,,,0.0,0.0,0.0,0.0,9.200000000000003,100.0,54.699999999999996,0,0,0,0,0,0,0,1,0,0
Soku-FS,2026-07-30 15:00:00,36.0,100.0,47.8,52.2,155.9,1.165,1,0,,,,,,0.0,0.0,0.0,0.0,-2.299999999999997,100.0,53.4,0,0,0,0,0,0,0,1,0,0
Soku-FS,2026-07-30 16:00:00,36.0,100.0,54.2,45.8,154.5,1.474,1,0,,,,,,0.0,0.0,0.0,0.0,-6.400000000000006,100.0,52.599999999999994,0,0,0,0,0,0,0,1,0,0
Soku-FS,2026-07-30 17:00:00,36.0,100.0,40.0,60.0,154.1,1.742,1,0,,,,,,0.0,0.0,0.0,0.0,14.200000000000003,100.0,52.6,0,0,0,0,0,0,0,1,0,0
Soku-FS,2026-07-30 18:00:00,36.0,100.0,40.2,59.8,154.3,2.271,1,0,,,,,,0.0,0.0,0.0,0.0,-0.20000000000000284,100.0,52.93333333333333,0,0,0,0,0,0,0,1,0,0
Soku-FS,2026-07-30 19:00:00,36.0,100.0,40.0,60.0,155.2,1.772,1,0,,,,,,0.0,0.0,0.0,0.0,0.20000000000000284,100.0,55.383333333333326,0,0,0,0,0,0,0,1,0,0
Soku-FS,2026-07-30 20:00:00,36.0,100.0,43.4,56.6,155.3,2.557,1,0,,,,,,0.0,0.0,0.0,0.0,-3.3999999999999986,100.0,55.73333333333333,0,0,0,0,0,0,0,1,0,0
Soku-FS,2026-07-30 21:00:00,36.0,100.0,45.5,54.5,155.1,1.676,1,0,,,,,,0.0,0.0,0.0,0.0,-2.1000000000000014,100.0,56.11666666666667,0,0,0,0,0,0,0,1,0,0
Soku-FS,2026-07-30 22:00:00,36.0,100.0,40.0,60.0,156.6,2.307,1,0,,,,,,0.0,0.0,0.0,0.0,5.5,100.0,58.48333333333333,0,0,0,0,0,0,0,1,0,0
Soku-FS,2026-07-30 23:00:00,36.0,100.0,52.2,47.8,156.2,2.343,1,0,,,,,,0.0,0.0,0.0,0.0,-12.200000000000003,100.0,56.449999999999996,0,0,0,0,0,0,0,1,0,0
Ughelli-FS,2026-07-28 23:00:00,32.0,100.0,40.0,60.0,157.1,1.69,0,0,,,,,,0.0,0.0,0.0,0.0,10.0,100.0,56.916666666666664,0,0,0,0,0,0,0,0,1,0
Ughelli-FS,2026-07-29 00:00:00,32.0,100.0,50.7,49.3,157.2,1.984,0,0,,,,,,0.0,0.0,0.0,0.0,-10.700000000000003,100.0,56.550000000000004,0,0,0,0,0,0,0,0,1,0
Ughelli-FS,2026-07-29 01:00:00,32.0,100.0,43.9,56.1,158.1,1.819,0,0,,,,,,0.0,0.0,0.0,0.0,6.800000000000004,100.0,55.900000000000006,0,0,0,0,0,0,0,0,1,0
Ughelli-FS,2026-07-29 02:00:00,32.0,100.0,41.7,58.3,159.8,2.421,0,0,,,,,,0.0,0.0,0.0,0.0,2.1999999999999957,100.0,55.61666666666667,0,0,0,0,0,0,0,0,1,0
Ughelli-FS,2026-07-29 03:00:00,32.0,100.0,40.8,59.2,159.2,1.823,0,0,,,,,,0.0,0.0,0.0,0.0,0.9000000000000057,100.0,55.48333333333334,0,0,0,0,0,0,0,0,1,0
Ughelli-FS,2026-07-29 04:00:00,32.0,100.0,48.2,51.8,158.7,1.846,0,0,,,,,,0.0,0.0,0.0,0.0,-7.400000000000006,100.0,55.78333333333333,0,0,0,0,0,0,0,0,1,0
Ughelli-FS,2026-07-29 05:00:00,32.0,100.0,42.5,57.5,161.4,2.324,0,0,,,,,,0.0,0.0,0.0,0.0,5.700000000000003,100.0,55.36666666666667,0,0,0,0,0,0,0,0,1,0
Ughelli-FS,2026-07-29 06:00:00,32.0,100.0,48.7,51.3,161.4,2.105,0,1,2736.6,1203.9,712.1,3448.7,20.65,0.0,0.0,0.0,0.0,-6.200000000000003,100.0,55.699999999999996,0,0,0,0,0,0,0,0,1,0
Ughelli-FS,2026-07-29 07:00:00,32.0,100.0,46.4,53.6,160.1,2.234,0,0,,,,,,0.0,0.0,0.0,0.0,2.3000000000000043,100.0,55.28333333333333,0,0,0,0,0,0,0,0,1,0
Ughelli-FS,2026-07-29 08:00:00,32.0,100.0,53.2,46.8,159.5,1.695,0,0,,,,,,0.0,0.0,0.0,0.0,-6.800000000000004,100.0,53.366666666666674,0,0,0,0,0,0,0,0,1,0
Ughelli-FS,2026-07-29 09:00:00,32.0,100.0,50.8,49.2,160.1,1.88,0,0,,,,,,0.0,0.0,0.0,0.0,2.4000000000000057,100.0,51.699999999999996,0,0,0,0,0,0,0,0,1,0
Ughelli-FS,2026-07-29 10:00:00,32.0,100.0,47.3,52.7,160.4,2.681,0,0,,,,,,0.0,0.0,0.0,0.0,3.5,100.0,51.85,0,0,0,0,0,0,0,0,1,0
Ughelli-FS,2026-07-29 11:00:00,32.0,100.0,54.6,45.4,159.2,2.521,0,0,,,,,,0.0,0.0,0.0,0.0,-7.300000000000004,100.0,49.833333333333336,0,0,0,0,0,0,0,0,1,0
Ughelli-FS,2026-07-29 12:00:00,32.0,100.0,50.3,49.7,160.1,2.06,0,0,,,,,,0.0,0.0,0.0,0.0,4.300000000000004,100.0,49.56666666666667,0,0,0,0,0,0,0,0,1,0
Ughelli-FS,2026-07-29 13:00:00,32.0,100.0,40.0,60.0,157.0,2.034,0,0,,,,,,0.0,0.0,0.0,0.0,10.299999999999997,100.0,50.63333333333333,0,0,0,0,0,0,0,0,1,0
Ughelli-FS,2026-07-29 14:00:00,32.0,100.0,41.1,58.9,156.2,1.908,0,0,,,,,,0.0,0.0,0.0,0.0,-1.1000000000000014,100.0,52.65,0,0,0,0,0,0,0,0,1,0
Ughelli-FS,2026-07-29 15:00:00,32.0,100.0,43.6,56.4,153.6,1.976,0,0,,,,,,0.0,0.0,0.0,0.0,-2.5,100.0,53.849999999999994,0,0,0,0,0,0,0,0,1,0
Ughelli-FS,2026-07-29 16:00:00,32.0,100.0,43.9,56.1,155.2,1.756,0,0,,,,,,0.0,0.0,0.0,0.0,-0.29999999999999716,100.0,54.416666666666664,0,0,0,0,0,0,0,0,1,0
Ughelli-FS,2026-07-29 17:00:00,32.0,100.0,46.9,53.1,153.9,1.738,0,0,,,,,,0.0,0.0,0.0,0.0,-3.0,100.0,55.70000000000001,0,0,0,0,0,0,0,0,1,0
Ughelli-FS,2026-07-29 18:00:00,32.0,100.0,47.5,52.5,155.0,1.979,0,0,,,,,,0.0,0.0,0.0,0.0,-0.6000000000000014,100.0,56.166666666666664,0,0,0,0,0,0,0,0,1,0
Ughelli-FS,2026-07-29 19:00:00,32.0,100.0,49.5,50.5,154.1,2.434,0,0,,,,,,0.0,0.0,0.0,0.0,-2.0,100.0,54.583333333333336,0,0,0,0,0,0,0,0,1,0
Ughelli-FS,2026-07-29 20:00:00,32.0,100.0,40.6,59.4,155.0,2.222,0,0,,,,,,0.0,0.0,0.0,0.0,8.899999999999999,100.0,54.666666666666664,0,0,0,0,0,0,0,0,1,0
Ughelli-FS,2026-07-29 21:00:00,32.0,100.0,44.0,56.0,153.3,2.132,0,0,,,,,,0.0,0.0,0.0,0.0,-3.3999999999999986,100.0,54.6,0,0,0,0,0,0,0,0,1,0
Ughelli-FS,2026-07-29 22:00:00,32.0,100.0,41.1,58.9,156.7,1.797,0,0,,,,,,0.0,0.0,0.0,0.0,2.8999999999999986,100.0,55.06666666666666,0,0,0,0,0,0,0,0,1,0
Ughelli-FS,2026-07-29 23:00:00,32.0,100.0,40.0,60.0,158.5,1.675,0,0,,,,,,0.0,0.0,0.0,0.0,1.1000000000000014,100.0,56.21666666666666,0,0,0,0,0,0,0,0,1,0
Ughelli-FS,2026-07-30 00:00:00,32.0,100.0,45.9,54.1,156.3,2.151,0,0,,,,,,0.0,0.0,0.0,0.0,-5.899999999999999,100.0,56.48333333333333,0,0,0,0,0,0,0,0,1,0
Ughelli-FS,2026-07-30 01:00:00,32.0,100.0,46.9,53.1,157.1,1.673,0,0,,,,,,0.0,0.0,0.0,0.0,-1.0,100.0,56.916666666666664,0,0,0,0,0,0,0,0,1,0
Ughelli-FS,2026-07-30 02:00:00,32.0,100.0,56.2,43.8,160.3,2.622,0,0,,,,,,0.0,0.0,0.0,0.0,-9.300000000000004,100.0,54.31666666666666,0,0,0,0,0,0,0,0,1,0
Ughelli-FS,2026-07-30 03:00:00,32.0,100.0,44.1,55.9,161.2,2.299,0,0,,,,,,0.0,0.0,0.0,0.0,12.100000000000001,100.0,54.300000000000004,0,0,0,0,0,0,0,0,1,0
Ughelli-FS,2026-07-30 04:00:00,32.0,100.0,47.4,52.6,160.2,2.494,0,0,,,,,,0.0,0.0,0.0,0.0,-3.299999999999997,100.0,53.25,0,0,0,0,0,0,0,0,1,0
Ughelli-FS,2026-07-30 05:00:00,32.0,100.0,49.6,50.4,160.9,2.669,0,0,,,,,,0.0,0.0,0.0,0.0,-2.200000000000003,100.0,51.650000000000006,0,0,0,0,0,0,0,0,1,0
Ughelli-FS,2026-07-30 06:00:00,32.0,100.0,40.8,59.2,160.4,2.051,0,1,2560.1,1265.1,723.9,3284.0,22.04,0.0,0.0,0.0,0.0,8.800000000000004,100.0,52.5,0,0,0,0,0,0,0,0,1,0
Ughelli-FS,2026-07-30 07:00:00,32.0,100.0,49.3,50.7,159.6,3.041,0,0,,,,,,0.0,0.0,0.0,0.0,-8.5,100.0,52.099999999999994,0,0,0,0,0,0,0,0,1,0
Ughelli-FS,2026-07-30 08:00:00,32.0,100.0,40.0,60.0,159.4,1.483,0,0,,,,,,0.0,0.0,0.0,0.0,9.299999999999997,100.0,54.800000000000004,0,0,0,0,0,0,0,0,1,0
Ughelli-FS,2026-07-30 09:00:00,32.0,100.0,43.7,56.3,159.5,2.693,0,0,,,,,,0.0,0.0,0.0,0.0,-3.700000000000003,100.0,54.86666666666667,0,0,0,0,0,0,0,0,1,0
Ughelli-FS,2026-07-30 10:00:00,32.0,100.0,43.6,56.4,158.0,2.292,0,0,,,,,,0.0,0.0,0.0,0.0,0.10000000000000142,100.0,55.5,0,0,0,0,0,0,0,0,1,0
Ughelli-FS,2026-07-30 11:00:00,32.0,100.0,40.0,60.0,158.1,1.725,0,0,,,,,,0.0,0.0,0.0,0.0,3.6000000000000014,100.0,57.099999999999994,0,0,0,0,0,0,0,0,1,0
Ughelli-FS,2026-07-30 12:00:00,32.0,100.0,50.8,49.2,157.6,2.004,0,0,,,,,,0.0,0.0,0.0,0.0,-10.799999999999997,100.0,55.43333333333334,0,0,0,0,0,0,0,0,1,0
Ughelli-FS,2026-07-30 13:00:00,32.0,100.0,45.0,55.0,159.0,1.482,0,0,,,,,,0.0,0.0,0.0,0.0,5.799999999999997,100.0,56.150000000000006,0,0,0,0,0,0,0,0,1,0
Ughelli-FS,2026-07-30 14:00:00,32.0,100.0,47.4,52.6,156.0,2.035,0,0,,,,,,0.0,0.0,0.0,0.0,-2.3999999999999986,100.0,54.916666666666664,0,0,0,0,0,0,0,0,1,0
Ughelli-FS,2026-07-30 15:00:00,32.0,100.0,45.1,54.9,154.4,1.397,0,0,,,,,,0.0,0.0,0.0,0.0,2.299999999999997,100.0,54.68333333333334,0,0,0,0,0,0,0,0,1,0
Ughelli-FS,2026-07-30 16:00:00,32.0,100.0,41.3,58.7,154.5,1.069,0,0,,,,,,0.0,0.0,0.0,0.0,3.8000000000000043,100.0,55.06666666666667,0,0,0,0,0,0,0,0,1,0
Ughelli-FS,2026-07-30 17:00:00,32.0,100.0,40.0,60.0,154.5,2.083,0,0,,,,,,0.0,0.0,0.0,0.0,1.2999999999999972,100.0,55.06666666666667,0,0,0,0,0,0,0,0,1,0
Ughelli-FS,2026-07-30 18:00:00,32.0,100.0,46.7,53.3,153.9,2.293,0,0,,,,,,0.0,0.0,0.0,0.0,-6.700000000000003,100.0,55.75,0,0,0,0,0,0,0,0,1,0
Ughelli-FS,2026-07-30 19:00:00,32.0,100.0,48.5,51.5,155.7,1.587,0,0,,,,,,0.0,0.0,0.0,0.0,-1.7999999999999972,100.0,55.166666666666664,0,0,0,0,0,0,0,0,1,0
Ughelli-FS,2026-07-30 20:00:00,32.0,100.0,42.5,57.5,156.1,2.046,0,0,,,,,,0.0,0.0,0.0,0.0,6.0,100.0,55.98333333333334,0,0,0,0,0,0,0,0,1,0
Ughelli-FS,2026-07-30 21:00:00,32.0,100.0,40.0,60.0,156.4,2.207,0,0,,,,,,0.0,0.0,0.0,0.0,2.5,100.0,56.833333333333336,0,0,0,0,0,0,0,0,1,0
Ughelli-FS,2026-07-30 22:00:00,32.0,100.0,51.6,48.4,157.8,2.327,0,0,,,,,,0.0,0.0,0.0,0.0,-11.600000000000001,100.0,55.11666666666667,0,0,0,0,0,0,0,0,1,0
Ughelli-FS,2026-07-30 23:00:00,32.0,100.0,42.2,57.8,158.2,1.956,0,0,,,,,,0.0,0.0,0.0,0.0,9.399999999999999,100.0,54.75,0,0,0,0,0,0,0,0,1,0
Ughelli-FS,2026-07-28 23:00:00,47.0,100.0,43.0,57.0,157.0,1.668,1,0,,,,,,0.0,0.0,0.0,0.0,-2.299999999999997,100.0,56.9,0,0,0,0,0,0,0,0,0,1
Ughelli-FS,2026-07-29 00:00:00,47.0,100.0,50.7,49.3,158.1,2.379,1,0,,,,,,0.0,0.0,0.0,0.0,-7.700000000000003,100.0,55.11666666666667,0,0,0,0,0,0,0,0,0,1
Ughelli-FS,2026-07-29 01:00:00,47.0,100.0,43.8,56.2,159.8,2.207,1,0,,,,,,0.0,0.0,0.0,0.0,6.900000000000006,100.0,54.53333333333333,0,0,0,0,0,0,0,0,0,1
Ughelli-FS,2026-07-29 02:00:00,47.0,100.0,40.0,60.0,159.0,2.002,1,0,,,,,,0.0,0.0,0.0,0.0,3.799999999999997,100.0,54.53333333333333,0,0,0,0,0,0,0,0,0,1
Ughelli-FS,2026-07-29 03:00:00,47.0,100.0,53.9,46.1,159.6,1.114,1,0,,,,,,0.0,0.0,0.0,0.0,-13.899999999999999,100.0,54.65,0,0,0,0,0,0,0,0,0,1
Ughelli-FS,2026-07-29 04:00:00,47.0,100.0,47.3,52.7,159.7,2.433,1,0,,,,,,0.0,0.0,0.0,0.0,6.600000000000001,100.0,53.550000000000004,0,0,0,0,0,0,0,0,0,1
Ughelli-FS,2026-07-29 05:00:00,47.0,100.0,40.0,60.0,160.1,2.635,1,0,,,,,,0.0,0.0,0.0,0.0,7.299999999999997,100.0,54.050000000000004,0,0,0,0,0,0,0,0,0,1
Ughelli-FS,2026-07-29 06:00:00,47.0,100.0,45.1,54.9,160.7,1.682,1,1,1215.3,733.2,1866.3,3081.7,60.56,0.0,0.0,0.0,0.0,-5.100000000000001,100.0,54.98333333333333,0,0,0,0,0,0,0,0,0,1
Ughelli-FS,2026-07-29 07:00:00,47.0,100.0,47.3,52.7,160.8,2.16,1,0,,,,,,0.0,0.0,0.0,0.0,-2.1999999999999957,100.0,54.4,0,0,0,0,0,0,0,0,0,1
Ughelli-FS,2026-07-29 08:00:00,47.0,100.0,58.9,41.1,160.7,1.897,1,0,,,,,,0.0,0.0,0.0,0.0,-11.600000000000001,100.0,51.25,0,0,0,0,0,0,0,0,0,1
Ughelli-FS,2026-07-29 09:00:00,47.0,100.0,40.1,59.9,159.5,2.634,1,0,,,,,,0.0,0.0,0.0,0.0,18.799999999999997,100.0,53.54999999999999,0,0,0,0,0,0,0,0,0,1
Ughelli-FS,2026-07-29 10:00:00,47.0,100.0,41.5,58.5,159.6,2.359,1,0,,,,,,0.0,0.0,0.0,0.0,-1.3999999999999986,100.0,54.51666666666666,0,0,0,0,0,0,0,0,0,1
Ughelli-FS,2026-07-29 11:00:00,47.0,100.0,40.0,60.0,157.6,1.708,1,0,,,,,,0.0,0.0,0.0,0.0,1.5,100.0,54.51666666666666,0,0,0,0,0,0,0,0,0,1
Ughelli-FS,2026-07-29 12:00:00,47.0,100.0,56.4,43.6,158.8,3.098,1,0,,,,,,0.0,0.0,0.0,0.0,-16.4,100.0,52.63333333333333,0,0,0,0,0,0,0,0,0,1
Ughelli-FS,2026-07-29 13:00:00,47.0,100.0,44.7,55.3,158.2,2.565,1,0,,,,,,0.0,0.0,0.0,0.0,11.699999999999996,100.0,53.06666666666667,0,0,0,0,0,0,0,0,0,1
Ughelli-FS,2026-07-29 14:00:00,47.0,100.0,45.2,54.8,156.0,2.121,1,0,,,,,,0.0,0.0,0.0,0.0,-0.5,100.0,55.35,0,0,0,0,0,0,0,0,0,1
Ughelli-FS,2026-07-29 15:00:00,47.0,100.0,44.3,55.7,155.2,2.367,1,0,,,,,,0.0,0.0,0.0,0.0,0.9000000000000057,100.0,54.650000000000006,0,0,0,0,0,0,0,0,0,1
Ughelli-FS,2026-07-29 16:00:00,47.0,100.0,45.4,54.6,153.6,2.026,1,0,,,,,,0.0,0.0,0.0,0.0,-1.1000000000000014,100.0,54.0,0,0,0,0,0,0,0,0,0,1
Ughelli-FS,2026-07-29 17:00:00,47.0,100.0,42.6,57.4,153.8,1.678,1,0,,,,,,0.0,0.0,0.0,0.0,2.799999999999997,100.0,53.56666666666667,0,0,0,0,0,0,0,0,0,1
Ughelli-FS,2026-07-29 18:00:00,47.0,100.0,41.4,58.6,154.6,2.382,1,0,,,,,,0.0,0.0,0.0,0.0,1.2000000000000028,100.0,56.06666666666666,0,0,0,0,0,0,0,0,0,1
Ughelli-FS,2026-07-29 19:00:00,47.0,100.0,40.0,60.0,154.8,2.445,1,0,,,,,,0.0,0.0,0.0,0.0,1.3999999999999986,100.0,56.849999999999994,0,0,0,0,0,0,0,0,0,1
Ughelli-FS,2026-07-29 20:00:00,47.0,100.0,45.9,54.1,155.8,2.33,1,0,,,,,,0.0,0.0,0.0,0.0,-5.899999999999999,100.0,56.73333333333333,0,0,0,0,0,0,0,0,0,1
Ughelli-FS,2026-07-29 21:00:00,47.0,100.0,40.0,60.0,156.8,2.15,1,0,,,,,,0.0,0.0,0.0,0.0,5.899999999999999,100.0,57.449999999999996,0,0,0,0,0,0,0,0,0,1
Ughelli-FS,2026-07-29 22:00:00,47.0,100.0,44.4,55.6,156.2,2.268,1,0,,,,,,0.0,0.0,0.0,0.0,-4.399999999999999,100.0,57.616666666666674,0,0,0,0,0,0,0,0,0,1
Ughelli-FS,2026-07-29 23:00:00,47.0,100.0,45.6,54.4,158.2,2.272,1,0,,,,,,0.0,0.0,0.0,0.0,-1.2000000000000028,100.0,57.11666666666667,0,0,0,0,0,0,0,0,0,1
Ughelli-FS,2026-07-30 00:00:00,47.0,100.0,54.5,45.5,158.1,1.845,1,0,,,,,,0.0,0.0,0.0,0.0,-8.899999999999999,100.0,54.93333333333334,0,0,0,0,0,0,0,0,0,1
Ughelli-FS,2026-07-30 01:00:00,47.0,100.0,53.9,46.1,157.1,1.031,1,0,,,,,,0.0,0.0,0.0,0.0,0.6000000000000014,100.0,52.616666666666674,0,0,0,0,0,0,0,0,0,1
Ughelli-FS,2026-07-30 02:00:00,47.0,100.0,47.3,52.7,158.6,1.538,1,0,,,,,,0.0,0.0,0.0,0.0,6.600000000000001,100.0,52.38333333333333,0,0,0,0,0,0,0,0,0,1
Ughelli-FS,2026-07-30 03:00:00,47.0,100.0,48.3,51.7,160.9,1.538,1,0,,,,,,0.0,0.0,0.0,0.0,-1.0,100.0,51.0,0,0,0,0,0,0,0,0,0,1
Ughelli-FS,2026-07-30 04:00:00,47.0,100.0,57.0,43.0,161.6,1.493,1,0,,,,,,0.0,0.0,0.0,0.0,-8.700000000000003,100.0,48.900000000000006,0,0,0,0,0,0,0,0,0,1
Ughelli-FS,2026-07-30 05:00:00,47.0,100.0,50.3,49.7,162.7,1.544,1,0,,,,,,0.0,0.0,0.0,0.0,6.700000000000003,100.0,48.11666666666667,0,0,0,0,0,0,0,0,0,1
Ughelli-FS,2026-07-30 06:00:00,47.0,100.0,44.3,55.7,160.5,2.334,1,1,1203.1,704.9,2016.5,3219.6,62.63,0.0,0.0,0.0,0.0,6.0,100.0,49.81666666666667,0,0,0,0,0,0,0,0,0,1
Ughelli-FS,2026-07-30 07:00:00,47.0,100.0,40.0,60.0,161.4,2.669,1,0,,,,,,0.0,0.0,0.0,0.0,4.299999999999997,100.0,52.13333333333333,0,0,0,0,0,0,0,0,0,1
Ughelli-FS,2026-07-30 08:00:00,47.0,100.0,50.9,49.1,159.2,1.959,1,0,,,,,,0.0,0.0,0.0,0.0,-10.899999999999999,100.0,51.53333333333334,0,0,0,0,0,0,0,0,0,1
Ughelli-FS,2026-07-30 09:00:00,47.0,100.0,40.6,59.4,160.2,1.661,1,0,,,,,,0.0,0.0,0.0,0.0,10.299999999999997,100.0,52.81666666666666,0,0,0,0,0,0,0,0,0,1
Ughelli-FS,2026-07-30 10:00:00,47.0,100.0,45.4,54.6,160.5,1.96,1,0,,,,,,0.0,0.0,0.0,0.0,-4.799999999999997,100.0,54.75,0,0,0,0,0,0,0,0,0,1
Ughelli-FS,2026-07-30 11:00:00,47.0,100.0,40.8,59.2,158.7,2.23,1,0,,,,,,0.0,0.0,0.0,0.0,4.600000000000001,100.0,56.333333333333336,0,0,0,0,0,0,0,0,0,1
Ughelli-FS,2026-07-30 12:00:00,47.0,100.0,48.4,51.6,156.5,1.542,1,0,,,,,,0.0,0.0,0.0,0.0,-7.600000000000001,100.0,55.650000000000006,0,0,0,0,0,0,0,0,0,1
Ughelli-FS,2026-07-30 13:00:00,47.0,100.0,43.7,56.3,157.4,2.339,1,0,,,,,,0.0,0.0,0.0,0.0,4.699999999999996,100.0,55.03333333333333,0,0,0,0,0,0,0,0,0,1
Ughelli-FS,2026-07-30 14:00:00,47.0,100.0,47.4,52.6,156.4,2.262,1,0,,,,,,0.0,0.0,0.0,0.0,-3.6999999999999957,100.0,55.61666666666667,0,0,0,0,0,0,0,0,0,1
Ughelli-FS,2026-07-30 15:00:00,47.0,100.0,59.7,40.3,157.0,1.493,1,0,,,,,,0.0,0.0,0.0,0.0,-12.300000000000004,100.0,52.43333333333334,0,0,0,0,0,0,0,0,0,1
Ughelli-FS,2026-07-30 16:00:00,47.0,100.0,48.5,51.5,156.4,2.375,1,0,,,,,,0.0,0.0,0.0,0.0,11.200000000000003,100.0,51.916666666666664,0,0,0,0,0,0,0,0,0,1
Ughelli-FS,2026-07-30 17:00:00,47.0,100.0,49.1,50.9,155.6,1.975,1,0,,,,,,0.0,0.0,0.0,0.0,-0.6000000000000014,100.0,50.53333333333333,0,0,0,0,0,0,0,0,0,1
Ughelli-FS,2026-07-30 18:00:00,47.0,100.0,45.8,54.2,155.6,2.233,1,0,,,,,,0.0,0.0,0.0,0.0,3.3000000000000043,100.0,50.96666666666667,0,0,0,0,0,0,0,0,0,1
Ughelli-FS,2026-07-30 19:00:00,47.0,100.0,49.6,50.4,155.7,2.544,1,0,,,,,,0.0,0.0,0.0,0.0,-3.8000000000000043,100.0,49.98333333333333,0,0,0,0,0,0,0,0,0,1
Ughelli-FS,2026-07-30 20:00:00,47.0,100.0,44.5,55.5,155.4,2.091,1,0,,,,,,0.0,0.0,0.0,0.0,5.100000000000001,100.0,50.46666666666667,0,0,0,0,0,0,0,0,0,1
Ughelli-FS,2026-07-30 21:00:00,47.0,100.0,49.5,50.5,155.8,2.258,1,0,,,,,,0.0,0.0,0.0,0.0,-5.0,100.0,52.166666666666664,0,0,0,0,0,0,0,0,0,1
Ughelli-FS,2026-07-30 22:00:00,47.0,100.0,40.0,60.0,157.9,2.36,1,0,,,,,,0.0,0.0,0.0,0.0,9.5,100.0,53.583333333333336,0,0,0,0,0,0,0,0,0,1
Ughelli-FS,2026-07-30 23:00:00,47.0,100.0,41.7,58.3,158.3,1.546,1,0,,,,,,0.0,0.0,0.0,0.0,-1.7000000000000028,100.0,54.81666666666666,0,0,0,0,0,0,0,0,0,1
