community,corridor,governance_channel,period,month_index,program_active,trust_score_0_100,open_grievances,grievances_resolved_this_month,formal_engagements_this_month,sentiment_score,hcdt_disbursement_on_time,hcdt_disbursement_amount_usd,disbursement_transparency_score,pipeline_guardians_enrolled,pipeline_guardians_active,guardian_retention_rate,youth_leader_program_engaged,incident_occurred_this_month,community_reported_early_warnings,externally_detected_incidents,pct_incidents_community_sourced,avg_incident_response_time_hours,active_ultimatum_flag,shutdown_days_this_month,custodianship_index_0_100
Belema,Ijaw-Riverine,Amanyanabo/Wari,2025-01-01,0,False,37.8,7,1,0,-0.334,False,27522.0,60.4,0,0,,False,False,0,0,0.0,19.0,False,0,35.3
Belema,Ijaw-Riverine,Amanyanabo/Wari,2025-02-01,1,False,38.2,7,2,0,-0.127,False,22472.0,56.1,0,0,,False,False,0,1,0.0,18.5,False,0,34.6
Belema,Ijaw-Riverine,Amanyanabo/Wari,2025-03-01,2,False,38.2,5,2,0,-0.243,True,11620.0,60.5,0,0,,False,False,0,2,0.0,22.4,False,0,35.5
Belema,Ijaw-Riverine,Amanyanabo/Wari,2025-04-01,3,False,37.8,6,1,0,-0.139,False,30986.0,51.3,0,0,,False,False,1,0,100.0,20.1,False,0,48.5
Belema,Ijaw-Riverine,Amanyanabo/Wari,2025-05-01,4,False,37.7,4,2,2,-0.423,True,16569.0,67.2,0,0,,False,False,0,0,0.0,13.8,False,0,36.6
Belema,Ijaw-Riverine,Amanyanabo/Wari,2025-06-01,5,False,37.7,4,1,3,-0.17,False,34949.0,57.7,0,0,,False,True,0,0,0.0,17.8,False,3,30.2
Belema,Ijaw-Riverine,Amanyanabo/Wari,2025-07-01,6,False,37.8,6,1,2,-0.277,False,20112.0,64.5,0,0,,False,False,0,0,0.0,17.9,False,0,36.1
Belema,Ijaw-Riverine,Amanyanabo/Wari,2025-08-01,7,False,37.4,5,2,0,-0.28,True,23913.0,41.6,0,0,,False,False,0,1,0.0,17.1,False,0,31.4
Belema,Ijaw-Riverine,Amanyanabo/Wari,2025-09-01,8,False,36.1,4,1,2,-0.292,False,22290.0,43.4,0,0,,False,False,1,0,100.0,20.1,False,0,46.3
Belema,Ijaw-Riverine,Amanyanabo/Wari,2025-10-01,9,False,36.3,4,1,0,-0.37,True,37043.0,48.3,0,0,,False,False,1,1,50.0,23.2,False,0,39.9
Belema,Ijaw-Riverine,Amanyanabo/Wari,2025-11-01,10,False,34.9,7,1,0,-0.131,False,19981.0,58.3,0,0,,False,False,0,2,0.0,17.6,False,0,33.9
Belema,Ijaw-Riverine,Amanyanabo/Wari,2025-12-01,11,False,34.6,7,2,0,-0.637,True,38243.0,60.9,0,0,,False,False,1,0,100.0,21.8,False,0,49.3
Belema,Ijaw-Riverine,Amanyanabo/Wari,2026-01-01,12,True,36.4,3,4,2,-0.444,True,19114.0,85.6,3,1,0.333,False,False,1,1,50.0,4.6,False,0,54.0
Belema,Ijaw-Riverine,Amanyanabo/Wari,2026-02-01,13,True,37.3,3,1,3,-0.087,True,31347.0,70.1,4,2,0.5,False,False,2,1,66.7,9.8,False,0,57.1
Belema,Ijaw-Riverine,Amanyanabo/Wari,2026-03-01,14,True,38.8,3,1,2,-0.263,True,15667.0,73.3,5,3,0.6,False,False,0,0,0.0,9.8,False,0,50.3
Belema,Ijaw-Riverine,Amanyanabo/Wari,2026-04-01,15,True,39.6,6,1,0,-0.34,True,19996.0,86.4,6,3,0.5,False,False,1,0,100.0,12.6,False,0,66.1
Belema,Ijaw-Riverine,Amanyanabo/Wari,2026-05-01,16,True,40.6,4,3,3,-0.226,False,8173.0,75.3,7,4,0.571,False,False,3,0,100.0,10.4,False,0,65.7
Belema,Ijaw-Riverine,Amanyanabo/Wari,2026-06-01,17,True,40.9,3,2,1,-0.042,True,39110.0,87.1,8,5,0.625,False,False,1,1,50.0,1.5,False,0,61.7
Belema,Ijaw-Riverine,Amanyanabo/Wari,2026-07-01,18,True,41.9,3,1,1,-0.069,False,20742.0,69.7,9,6,0.667,False,False,0,1,0.0,12.7,False,0,51.9
Belema,Ijaw-Riverine,Amanyanabo/Wari,2026-08-01,19,True,42.7,2,1,3,-0.218,False,18974.0,73.4,10,6,0.6,True,True,2,1,66.7,10.6,False,2,58.6
Belema,Ijaw-Riverine,Amanyanabo/Wari,2026-09-01,20,True,43.6,2,1,1,-0.378,True,37268.0,86.0,11,7,0.636,False,False,2,0,100.0,11.6,False,0,70.2
Belema,Ijaw-Riverine,Amanyanabo/Wari,2026-10-01,21,True,43.6,2,1,6,0.028,True,18613.0,70.4,12,8,0.667,False,False,2,1,66.7,6.3,False,0,62.7
Belema,Ijaw-Riverine,Amanyanabo/Wari,2026-11-01,22,True,44.4,2,1,2,-0.297,True,28002.0,84.1,13,9,0.692,True,False,2,0,100.0,5.3,False,0,71.2
Belema,Ijaw-Riverine,Amanyanabo/Wari,2026-12-01,23,True,44.3,4,1,3,-0.346,True,23277.0,65.9,14,10,0.714,False,False,1,0,100.0,9.2,False,0,68.0
Soku,Ijaw-Riverine,Amanyanabo/Wari,2025-01-01,0,False,42.3,3,1,2,-0.076,True,26707.0,55.7,0,0,,False,False,1,0,100.0,18.7,False,0,51.0
Soku,Ijaw-Riverine,Amanyanabo/Wari,2025-02-01,1,False,42.0,5,1,1,-0.082,False,19190.0,57.2,0,0,,False,False,0,2,0.0,24.6,False,0,36.1
Soku,Ijaw-Riverine,Amanyanabo/Wari,2025-03-01,2,False,42.3,4,1,0,-0.032,False,32841.0,56.3,0,0,,False,False,1,0,100.0,21.3,False,0,51.1
Soku,Ijaw-Riverine,Amanyanabo/Wari,2025-04-01,3,False,42.1,4,1,1,-0.028,False,18522.0,68.7,0,0,,False,False,1,0,100.0,17.7,False,0,53.5
Soku,Ijaw-Riverine,Amanyanabo/Wari,2025-05-01,4,False,42.0,3,1,0,-0.182,False,15249.0,65.9,0,0,,False,True,0,1,0.0,16.6,False,4,31.9
Soku,Ijaw-Riverine,Amanyanabo/Wari,2025-06-01,5,False,42.2,3,1,0,-0.111,False,10495.0,53.6,0,0,,False,True,0,0,0.0,20.7,False,5,28.0
Soku,Ijaw-Riverine,Amanyanabo/Wari,2025-07-01,6,False,42.4,2,1,3,-0.258,False,13462.0,55.3,0,0,,False,True,1,2,33.3,22.5,False,4,34.9
Soku,Ijaw-Riverine,Amanyanabo/Wari,2025-08-01,7,False,43.3,4,0,1,-0.216,True,12776.0,55.8,0,0,,False,False,0,1,0.0,19.8,False,0,36.3
Soku,Ijaw-Riverine,Amanyanabo/Wari,2025-09-01,8,False,44.0,3,1,1,-0.263,True,27035.0,61.7,0,0,,False,False,0,1,0.0,17.3,False,0,37.7
Soku,Ijaw-Riverine,Amanyanabo/Wari,2025-10-01,9,False,43.4,3,1,0,-0.22,False,15462.0,45.3,0,0,,False,False,1,2,33.3,17.5,False,0,39.3
Soku,Ijaw-Riverine,Amanyanabo/Wari,2025-11-01,10,False,43.8,5,1,0,0.029,True,9823.0,42.5,0,0,,False,False,0,1,0.0,16.7,False,0,33.8
Soku,Ijaw-Riverine,Amanyanabo/Wari,2025-12-01,11,False,43.3,4,1,0,-0.238,False,31324.0,45.4,0,0,,False,False,0,0,0.0,17.8,False,0,34.2
Soku,Ijaw-Riverine,Amanyanabo/Wari,2026-01-01,12,True,43.9,4,2,1,-0.198,True,25788.0,88.5,3,1,0.333,False,False,1,0,100.0,9.3,False,0,64.7
Soku,Ijaw-Riverine,Amanyanabo/Wari,2026-02-01,13,True,44.6,6,2,3,-0.366,True,32926.0,93.4,4,2,0.5,False,False,2,0,100.0,5.6,False,0,69.3
Soku,Ijaw-Riverine,Amanyanabo/Wari,2026-03-01,14,True,44.7,5,3,5,0.067,True,27698.0,84.7,5,3,0.6,False,False,1,0,100.0,4.2,False,0,69.6
Soku,Ijaw-Riverine,Amanyanabo/Wari,2026-04-01,15,True,44.8,5,3,3,0.23,True,14520.0,84.9,6,4,0.667,True,False,1,1,50.0,9.3,False,0,63.5
Soku,Ijaw-Riverine,Amanyanabo/Wari,2026-05-01,16,True,45.6,3,3,3,-0.078,True,30218.0,81.9,7,5,0.714,False,False,2,1,66.7,7.6,False,0,66.6
Soku,Ijaw-Riverine,Amanyanabo/Wari,2026-06-01,17,True,46.6,2,1,8,0.042,True,21755.0,77.1,8,6,0.75,True,False,3,0,100.0,4.9,False,0,71.7
Soku,Ijaw-Riverine,Amanyanabo/Wari,2026-07-01,18,True,47.0,3,1,4,0.12,True,16934.0,87.0,9,7,0.778,False,False,1,1,50.0,7.1,False,0,66.9
Soku,Ijaw-Riverine,Amanyanabo/Wari,2026-08-01,19,True,48.0,3,1,3,-0.331,False,32986.0,66.3,10,8,0.8,False,True,5,0,100.0,13.7,False,0,71.1
Soku,Ijaw-Riverine,Amanyanabo/Wari,2026-09-01,20,True,48.3,4,1,4,0.203,False,8312.0,83.6,11,9,0.818,False,False,0,0,0.0,9.0,False,0,60.0
Soku,Ijaw-Riverine,Amanyanabo/Wari,2026-10-01,21,True,48.5,3,2,3,-0.26,True,25160.0,92.4,12,10,0.833,False,False,0,0,0.0,11.7,False,0,62.1
Soku,Ijaw-Riverine,Amanyanabo/Wari,2026-11-01,22,True,49.1,2,1,3,-0.127,False,21725.0,82.1,13,11,0.846,False,False,3,0,100.0,8.3,False,0,75.5
Soku,Ijaw-Riverine,Amanyanabo/Wari,2026-12-01,23,True,50.1,1,1,0,-0.116,True,31726.0,85.9,14,12,0.857,True,False,2,0,100.0,6.5,False,0,76.8
Otumara,Ijaw-Riverine,Amanyanabo/Wari,2025-01-01,0,False,29.2,4,1,0,-0.544,True,22665.0,49.6,0,0,,False,False,0,1,0.0,16.4,False,0,30.1
Otumara,Ijaw-Riverine,Amanyanabo/Wari,2025-02-01,1,False,28.6,5,1,0,-0.32,False,32930.0,48.4,0,0,,False,False,0,0,0.0,12.4,False,0,29.7
Otumara,Ijaw-Riverine,Amanyanabo/Wari,2025-03-01,2,False,28.3,6,1,2,-0.31,False,33032.0,52.5,0,0,,False,False,1,0,100.0,14.0,False,0,45.4
Otumara,Ijaw-Riverine,Amanyanabo/Wari,2025-04-01,3,False,28.6,5,2,0,-0.48,False,12532.0,50.3,0,0,,False,False,0,2,0.0,14.3,False,0,30.1
Otumara,Ijaw-Riverine,Amanyanabo/Wari,2025-05-01,4,False,28.4,5,1,1,-0.363,False,36065.0,55.8,0,0,,False,False,1,1,50.0,18.3,False,0,38.6
Otumara,Ijaw-Riverine,Amanyanabo/Wari,2025-06-01,5,False,27.9,4,1,1,-0.262,False,14460.0,68.5,0,0,,False,False,0,0,0.0,16.0,False,0,33.5
Otumara,Ijaw-Riverine,Amanyanabo/Wari,2025-07-01,6,False,28.2,4,1,0,-0.364,False,21032.0,59.8,0,0,,False,False,0,1,0.0,21.8,False,0,31.8
Otumara,Ijaw-Riverine,Amanyanabo/Wari,2025-08-01,7,False,27.5,3,1,2,-0.509,True,21134.0,53.7,0,0,,False,False,0,2,0.0,22.6,False,0,30.4
Otumara,Ijaw-Riverine,Amanyanabo/Wari,2025-09-01,8,False,27.7,3,1,1,-0.509,False,13993.0,58.0,0,0,,False,False,0,1,0.0,17.3,False,0,31.3
Otumara,Ijaw-Riverine,Amanyanabo/Wari,2025-10-01,9,False,28.0,5,1,2,-0.396,True,15058.0,60.1,0,0,,False,False,0,1,0.0,24.2,False,0,31.8
Otumara,Ijaw-Riverine,Amanyanabo/Wari,2025-11-01,10,False,28.1,5,1,1,-0.413,True,20974.0,53.7,0,0,,False,False,0,0,0.0,14.8,False,0,30.6
Otumara,Ijaw-Riverine,Amanyanabo/Wari,2025-12-01,11,False,29.2,7,1,1,-0.493,True,26923.0,51.8,0,0,,False,False,0,0,0.0,15.1,False,0,30.6
Otumara,Ijaw-Riverine,Amanyanabo/Wari,2026-01-01,12,True,31.5,3,4,7,-0.371,True,30339.0,77.9,3,1,0.333,False,False,2,1,66.7,10.9,False,0,53.3
Otumara,Ijaw-Riverine,Amanyanabo/Wari,2026-02-01,13,True,31.8,5,1,3,-0.405,True,8489.0,84.4,4,2,0.5,True,False,3,1,75.0,5.4,False,0,59.3
Otumara,Ijaw-Riverine,Amanyanabo/Wari,2026-03-01,14,True,31.8,2,3,1,-0.211,True,32485.0,93.1,5,3,0.6,False,False,4,0,100.0,5.9,False,0,66.7
Otumara,Ijaw-Riverine,Amanyanabo/Wari,2026-04-01,15,True,32.2,3,1,2,-0.29,True,21545.0,66.7,6,4,0.667,True,False,0,0,0.0,5.1,False,0,47.9
Otumara,Ijaw-Riverine,Amanyanabo/Wari,2026-05-01,16,True,33.2,2,1,4,-0.467,False,23463.0,67.4,7,5,0.714,True,False,0,0,0.0,9.8,False,0,49.4
Otumara,Ijaw-Riverine,Amanyanabo/Wari,2026-06-01,17,True,33.9,1,1,1,-0.366,False,26694.0,80.1,8,6,0.75,False,False,0,1,0.0,5.2,False,0,52.9
Otumara,Ijaw-Riverine,Amanyanabo/Wari,2026-07-01,18,True,34.4,2,0,2,-0.143,True,18591.0,82.3,9,7,0.778,True,True,1,2,33.3,4.4,True,2,56.0
Otumara,Ijaw-Riverine,Amanyanabo/Wari,2026-08-01,19,True,35.3,1,1,2,-0.325,True,28342.0,93.8,10,7,0.7,True,False,0,0,0.0,4.2,True,1,53.6
Otumara,Ijaw-Riverine,Amanyanabo/Wari,2026-09-01,20,True,35.5,1,0,0,-0.299,True,21369.0,79.7,11,8,0.727,False,False,2,0,100.0,10.2,True,0,67.9
Otumara,Ijaw-Riverine,Amanyanabo/Wari,2026-10-01,21,True,36.0,3,0,2,-0.241,False,8921.0,88.5,12,9,0.75,False,False,0,0,0.0,9.4,True,0,55.3
Otumara,Ijaw-Riverine,Amanyanabo/Wari,2026-11-01,22,True,36.2,5,1,3,-0.433,True,11213.0,70.0,13,10,0.769,False,False,2,0,100.0,7.1,False,0,67.1
Otumara,Ijaw-Riverine,Amanyanabo/Wari,2026-12-01,23,True,36.2,4,3,1,-0.568,True,32347.0,80.9,14,11,0.786,True,False,5,1,83.3,3.7,False,0,67.1
Bomu,Ogoni-Upland,Gberemene/Traditional,2025-01-01,0,False,46.0,4,1,0,-0.348,False,29542.0,61.5,0,0,,False,False,0,1,0.0,18.0,False,0,38.4
Bomu,Ogoni-Upland,Gberemene/Traditional,2025-02-01,1,False,45.7,3,1,2,-0.044,True,38926.0,64.1,0,0,,False,False,0,1,0.0,15.8,False,0,38.8
Bomu,Ogoni-Upland,Gberemene/Traditional,2025-03-01,2,False,45.9,2,1,2,0.165,False,36822.0,46.5,0,0,,False,False,0,0,0.0,15.3,False,0,35.4
Bomu,Ogoni-Upland,Gberemene/Traditional,2025-04-01,3,False,45.4,3,0,0,0.139,False,18193.0,72.0,0,0,,False,False,0,1,0.0,15.3,False,0,40.3
Bomu,Ogoni-Upland,Gberemene/Traditional,2025-05-01,4,False,45.7,4,1,3,-0.107,False,18071.0,56.3,0,0,,False,False,0,2,0.0,19.7,False,0,37.2
Bomu,Ogoni-Upland,Gberemene/Traditional,2025-06-01,5,False,45.4,3,1,0,-0.07,False,28175.0,63.9,0,0,,False,False,0,1,0.0,19.3,False,0,38.7
Bomu,Ogoni-Upland,Gberemene/Traditional,2025-07-01,6,False,45.6,6,1,0,0.0,False,24642.0,59.2,0,0,,False,False,0,0,0.0,20.9,False,0,37.8
Bomu,Ogoni-Upland,Gberemene/Traditional,2025-08-01,7,False,45.1,5,2,1,-0.144,False,14039.0,62.5,0,0,,False,False,0,0,0.0,21.0,False,0,38.3
Bomu,Ogoni-Upland,Gberemene/Traditional,2025-09-01,8,False,44.8,6,1,0,0.151,True,16385.0,62.9,0,0,,False,True,1,0,100.0,18.9,False,4,47.3
Bomu,Ogoni-Upland,Gberemene/Traditional,2025-10-01,9,False,44.5,5,2,2,-0.353,False,25007.0,50.0,0,0,,False,False,0,0,0.0,17.7,False,0,35.6
Bomu,Ogoni-Upland,Gberemene/Traditional,2025-11-01,10,False,44.5,6,1,0,-0.117,False,38491.0,62.2,0,0,,False,True,1,0,100.0,16.0,False,5,45.5
Bomu,Ogoni-Upland,Gberemene/Traditional,2025-12-01,11,False,45.1,5,2,2,-0.023,True,17003.0,65.3,0,0,,False,False,0,1,0.0,15.3,False,0,38.8
Bomu,Ogoni-Upland,Gberemene/Traditional,2026-01-01,12,True,46.8,3,3,4,-0.031,True,30718.0,82.2,3,1,0.333,False,False,1,1,50.0,6.3,False,0,57.0
Bomu,Ogoni-Upland,Gberemene/Traditional,2026-02-01,13,True,48.9,3,1,3,-0.116,True,29954.0,70.5,4,2,0.5,False,True,0,0,0.0,10.2,False,1,49.7
Bomu,Ogoni-Upland,Gberemene/Traditional,2026-03-01,14,True,50.3,3,1,2,-0.014,True,8044.0,63.8,5,3,0.6,False,False,2,0,100.0,7.4,False,0,67.4
Bomu,Ogoni-Upland,Gberemene/Traditional,2026-04-01,15,True,50.9,3,1,0,-0.203,True,26559.0,93.7,6,4,0.667,False,False,1,0,100.0,7.1,False,0,74.9
Bomu,Ogoni-Upland,Gberemene/Traditional,2026-05-01,16,True,51.3,4,1,1,0.051,False,30572.0,85.5,7,5,0.714,True,False,0,1,0.0,9.1,False,0,59.3
Bomu,Ogoni-Upland,Gberemene/Traditional,2026-06-01,17,True,52.1,2,2,7,0.08,True,31271.0,73.9,8,6,0.75,False,False,3,0,100.0,7.9,False,0,73.0
Bomu,Ogoni-Upland,Gberemene/Traditional,2026-07-01,18,True,53.9,2,1,2,0.056,True,30385.0,79.3,9,7,0.778,False,False,3,0,100.0,12.0,False,0,75.3
Bomu,Ogoni-Upland,Gberemene/Traditional,2026-08-01,19,True,54.8,2,1,3,-0.102,True,21015.0,73.2,10,7,0.7,False,False,0,1,0.0,6.1,False,0,57.8
Bomu,Ogoni-Upland,Gberemene/Traditional,2026-09-01,20,True,55.0,3,1,1,0.201,True,9576.0,82.4,11,8,0.727,True,False,3,0,100.0,11.6,False,0,75.3
Bomu,Ogoni-Upland,Gberemene/Traditional,2026-10-01,21,True,55.5,6,1,3,-0.022,True,18144.0,88.2,12,9,0.75,True,False,2,0,100.0,3.7,False,0,77.1
Bomu,Ogoni-Upland,Gberemene/Traditional,2026-11-01,22,True,55.8,3,3,3,0.047,True,30114.0,87.8,13,10,0.769,False,False,1,0,100.0,12.5,False,0,77.5
Bomu,Ogoni-Upland,Gberemene/Traditional,2026-12-01,23,True,55.7,2,1,3,0.16,True,31857.0,87.5,14,11,0.786,True,False,3,0,100.0,11.6,False,0,77.7
Norkpo,Ogoni-Upland,Gberemene/Traditional,2025-01-01,0,False,47.0,2,1,0,0.184,False,14370.0,46.5,0,0,,False,False,0,3,0.0,22.6,False,0,35.7
Norkpo,Ogoni-Upland,Gberemene/Traditional,2025-02-01,1,False,47.0,3,0,0,0.076,False,35334.0,39.3,0,0,,False,False,2,0,100.0,22.0,False,0,49.3
Norkpo,Ogoni-Upland,Gberemene/Traditional,2025-03-01,2,False,46.9,3,1,1,-0.325,False,39340.0,66.8,0,0,,False,False,1,0,100.0,19.7,False,0,54.8
Norkpo,Ogoni-Upland,Gberemene/Traditional,2025-04-01,3,False,46.0,2,1,0,0.034,False,28466.0,46.6,0,0,,False,True,1,1,50.0,20.0,False,1,41.4
Norkpo,Ogoni-Upland,Gberemene/Traditional,2025-05-01,4,False,45.9,2,0,4,-0.026,True,35142.0,54.0,0,0,,False,False,0,0,0.0,15.8,False,0,36.9
Norkpo,Ogoni-Upland,Gberemene/Traditional,2025-06-01,5,False,46.2,4,0,1,-0.273,True,36278.0,41.1,0,0,,False,False,0,1,0.0,24.9,False,0,34.4
Norkpo,Ogoni-Upland,Gberemene/Traditional,2025-07-01,6,False,45.6,5,1,1,-0.066,False,37817.0,47.2,0,0,,False,False,0,0,0.0,23.8,False,0,35.4
Norkpo,Ogoni-Upland,Gberemene/Traditional,2025-08-01,7,False,45.8,5,1,1,-0.257,False,17367.0,51.6,0,0,,False,False,0,2,0.0,16.8,False,0,36.4
Norkpo,Ogoni-Upland,Gberemene/Traditional,2025-09-01,8,False,44.8,6,1,3,-0.109,True,15321.0,49.2,0,0,,False,False,0,0,0.0,18.2,False,0,35.5
Norkpo,Ogoni-Upland,Gberemene/Traditional,2025-10-01,9,False,44.1,7,2,3,-0.024,False,32931.0,53.0,0,0,,False,True,0,0,0.0,14.7,False,5,28.5
Norkpo,Ogoni-Upland,Gberemene/Traditional,2025-11-01,10,False,43.8,6,2,1,0.088,False,37808.0,60.8,0,0,,False,False,0,0,0.0,20.3,False,0,37.5
Norkpo,Ogoni-Upland,Gberemene/Traditional,2025-12-01,11,False,43.9,6,2,0,-0.179,False,18160.0,57.0,0,0,,False,False,0,0,0.0,18.1,False,0,36.8
Norkpo,Ogoni-Upland,Gberemene/Traditional,2026-01-01,12,True,44.9,3,3,2,0.0,True,26395.0,73.7,3,1,0.333,False,True,0,0,0.0,8.7,False,0,47.1
Norkpo,Ogoni-Upland,Gberemene/Traditional,2026-02-01,13,True,45.4,5,1,2,-0.334,False,26909.0,79.5,4,2,0.5,True,False,1,2,33.3,12.8,False,0,56.8
Norkpo,Ogoni-Upland,Gberemene/Traditional,2026-03-01,14,True,45.6,3,3,1,-0.273,True,9974.0,69.7,5,3,0.6,False,False,2,0,100.0,16.1,False,0,66.9
Norkpo,Ogoni-Upland,Gberemene/Traditional,2026-04-01,15,True,46.7,3,1,2,0.031,True,37668.0,73.7,6,4,0.667,False,False,1,1,50.0,11.7,False,0,61.9
Norkpo,Ogoni-Upland,Gberemene/Traditional,2026-05-01,16,True,47.0,2,1,3,0.047,True,15966.0,93.6,7,5,0.714,True,True,1,0,100.0,14.7,False,0,74.5
Norkpo,Ogoni-Upland,Gberemene/Traditional,2026-06-01,17,True,47.8,1,1,0,-0.102,True,32289.0,80.3,8,6,0.75,False,False,3,0,100.0,14.2,False,0,72.8
Norkpo,Ogoni-Upland,Gberemene/Traditional,2026-07-01,18,True,49.1,3,0,2,-0.041,True,38722.0,76.0,9,7,0.778,False,False,0,0,0.0,11.5,False,0,57.9
Norkpo,Ogoni-Upland,Gberemene/Traditional,2026-08-01,19,True,49.7,3,1,1,-0.23,True,17575.0,77.7,10,8,0.8,False,False,2,0,100.0,14.0,False,0,73.9
Norkpo,Ogoni-Upland,Gberemene/Traditional,2026-09-01,20,True,50.5,5,1,3,-0.168,True,13480.0,83.1,11,9,0.818,True,False,1,0,100.0,8.6,False,0,75.7
Norkpo,Ogoni-Upland,Gberemene/Traditional,2026-10-01,21,True,51.1,2,3,2,-0.017,False,8022.0,98.4,12,10,0.833,True,False,3,0,100.0,6.0,False,0,79.2
Norkpo,Ogoni-Upland,Gberemene/Traditional,2026-11-01,22,True,51.2,3,1,2,-0.071,True,23801.0,69.1,13,11,0.846,True,False,1,0,100.0,9.7,False,0,73.7
Norkpo,Ogoni-Upland,Gberemene/Traditional,2026-12-01,23,True,51.7,3,1,1,0.064,False,11622.0,81.7,14,12,0.857,True,False,0,0,0.0,7.5,False,0,61.6
K-Dere,Ogoni-Upland,Gberemene/Traditional,2025-01-01,0,False,44.0,8,1,1,-0.21,False,24586.0,48.0,0,0,,False,False,0,0,0.0,20.3,False,0,35.0
K-Dere,Ogoni-Upland,Gberemene/Traditional,2025-02-01,1,False,44.4,6,2,0,0.026,False,23703.0,61.8,0,0,,False,False,0,0,0.0,16.7,False,0,37.9
K-Dere,Ogoni-Upland,Gberemene/Traditional,2025-03-01,2,False,43.6,5,2,0,-0.115,False,20950.0,57.1,0,0,,False,False,1,0,100.0,17.3,False,0,51.7
K-Dere,Ogoni-Upland,Gberemene/Traditional,2025-04-01,3,False,43.3,5,1,0,0.025,False,39050.0,46.3,0,0,,False,False,1,0,100.0,21.2,False,0,49.4
K-Dere,Ogoni-Upland,Gberemene/Traditional,2025-05-01,4,False,43.9,4,1,2,-0.207,False,26014.0,50.2,0,0,,False,False,0,2,0.0,18.3,False,0,35.4
K-Dere,Ogoni-Upland,Gberemene/Traditional,2025-06-01,5,False,43.2,4,1,1,0.153,False,22085.0,43.2,0,0,,False,False,0,1,0.0,24.6,False,0,33.8
K-Dere,Ogoni-Upland,Gberemene/Traditional,2025-07-01,6,False,43.8,5,1,2,-0.158,True,11137.0,59.1,0,0,,False,True,1,0,100.0,21.9,False,4,46.2
K-Dere,Ogoni-Upland,Gberemene/Traditional,2025-08-01,7,False,44.6,6,1,1,-0.223,True,11063.0,64.8,0,0,,False,False,0,0,0.0,23.2,False,0,38.6
K-Dere,Ogoni-Upland,Gberemene/Traditional,2025-09-01,8,False,44.9,5,2,0,0.03,False,33480.0,58.6,0,0,,False,False,1,0,100.0,16.0,False,0,52.4
K-Dere,Ogoni-Upland,Gberemene/Traditional,2025-10-01,9,False,45.1,6,1,1,0.081,False,22933.0,41.1,0,0,,False,False,0,0,0.0,14.9,False,0,34.0
K-Dere,Ogoni-Upland,Gberemene/Traditional,2025-11-01,10,False,45.4,6,2,1,-0.047,False,26615.0,53.9,0,0,,False,False,0,0,0.0,18.4,False,0,36.7
K-Dere,Ogoni-Upland,Gberemene/Traditional,2025-12-01,11,False,45.4,5,2,1,-0.102,False,9396.0,55.0,0,0,,False,False,0,0,0.0,19.0,False,0,36.9
K-Dere,Ogoni-Upland,Gberemene/Traditional,2026-01-01,12,True,46.1,5,3,1,-0.019,False,32995.0,72.9,3,1,0.333,False,False,0,0,0.0,4.4,False,0,47.4
K-Dere,Ogoni-Upland,Gberemene/Traditional,2026-02-01,13,True,48.3,3,3,1,-0.224,True,13346.0,87.3,4,2,0.5,True,False,1,0,100.0,8.7,False,0,69.4
K-Dere,Ogoni-Upland,Gberemene/Traditional,2026-03-01,14,True,48.9,3,1,1,0.164,True,39806.0,82.2,5,3,0.6,False,False,0,0,0.0,9.4,False,0,55.6
K-Dere,Ogoni-Upland,Gberemene/Traditional,2026-04-01,15,True,49.8,2,1,3,0.147,True,37022.0,92.5,6,4,0.667,False,False,0,0,0.0,14.1,False,0,59.3
K-Dere,Ogoni-Upland,Gberemene/Traditional,2026-05-01,16,True,50.4,4,1,7,0.18,True,39138.0,80.1,7,5,0.714,False,False,0,0,0.0,8.6,False,0,57.9
K-Dere,Ogoni-Upland,Gberemene/Traditional,2026-06-01,17,True,50.6,5,2,3,0.062,True,21522.0,86.7,8,6,0.75,False,False,0,0,0.0,3.7,False,0,60.1
K-Dere,Ogoni-Upland,Gberemene/Traditional,2026-07-01,18,True,51.8,3,3,2,0.1,True,26015.0,77.6,9,7,0.778,True,False,1,0,100.0,5.6,False,0,74.2
K-Dere,Ogoni-Upland,Gberemene/Traditional,2026-08-01,19,True,52.9,2,1,5,0.05,True,26711.0,73.4,10,8,0.8,True,False,2,0,100.0,11.1,False,0,74.2
K-Dere,Ogoni-Upland,Gberemene/Traditional,2026-09-01,20,True,53.5,2,1,5,0.149,True,31708.0,77.1,11,9,0.818,True,False,5,1,83.3,7.5,False,0,73.0
K-Dere,Ogoni-Upland,Gberemene/Traditional,2026-10-01,21,True,54.5,2,1,0,0.051,True,23515.0,68.7,12,9,0.75,False,False,2,0,100.0,6.6,False,0,72.8
K-Dere,Ogoni-Upland,Gberemene/Traditional,2026-11-01,22,True,54.9,1,1,2,0.063,True,25500.0,78.8,13,10,0.769,True,False,2,0,100.0,8.2,False,0,75.4
K-Dere,Ogoni-Upland,Gberemene/Traditional,2026-12-01,23,True,55.5,2,0,1,0.072,False,18360.0,80.9,14,11,0.786,True,False,2,0,100.0,9.8,False,0,76.3
Ughelli,Urhobo-Isoko,CDC/Umunna,2025-01-01,0,False,55.2,3,1,1,-0.022,True,24455.0,55.9,0,0,,False,False,0,1,0.0,18.4,False,0,40.5
Ughelli,Urhobo-Isoko,CDC/Umunna,2025-02-01,1,False,54.9,4,1,1,0.043,False,22510.0,44.6,0,0,,False,False,0,0,0.0,17.4,False,0,38.1
Ughelli,Urhobo-Isoko,CDC/Umunna,2025-03-01,2,False,55.5,3,1,1,0.045,False,37514.0,64.7,0,0,,False,True,2,0,100.0,21.3,False,3,52.9
Ughelli,Urhobo-Isoko,CDC/Umunna,2025-04-01,3,False,54.9,5,1,1,0.086,True,18751.0,58.7,0,0,,False,True,0,0,0.0,19.8,False,5,33.5
Ughelli,Urhobo-Isoko,CDC/Umunna,2025-05-01,4,False,55.0,5,1,1,0.149,True,30787.0,51.8,0,0,,False,False,0,0,0.0,19.8,False,0,39.6
Ughelli,Urhobo-Isoko,CDC/Umunna,2025-06-01,5,False,54.4,4,1,2,-0.219,True,29603.0,47.5,0,0,,False,False,0,1,0.0,16.5,False,0,38.5
Ughelli,Urhobo-Isoko,CDC/Umunna,2025-07-01,6,False,54.5,4,1,2,0.095,False,31414.0,44.9,0,0,,False,False,0,0,0.0,14.2,False,0,38.1
Ughelli,Urhobo-Isoko,CDC/Umunna,2025-08-01,7,False,54.8,4,1,0,-0.115,True,37901.0,49.6,0,0,,False,False,1,1,50.0,14.2,False,0,46.6
Ughelli,Urhobo-Isoko,CDC/Umunna,2025-09-01,8,False,55.0,3,1,0,-0.244,True,32116.0,62.2,0,0,,False,False,0,1,0.0,15.6,False,0,41.7
Ughelli,Urhobo-Isoko,CDC/Umunna,2025-10-01,9,False,55.2,3,1,2,0.154,True,32375.0,45.9,0,0,,False,False,1,0,100.0,19.0,False,0,53.5
Ughelli,Urhobo-Isoko,CDC/Umunna,2025-11-01,10,False,54.3,3,1,3,-0.002,True,17068.0,51.9,0,0,,False,False,0,0,0.0,15.3,False,0,39.4
Ughelli,Urhobo-Isoko,CDC/Umunna,2025-12-01,11,False,54.1,5,1,1,0.073,False,17053.0,57.0,0,0,,False,False,1,0,100.0,21.1,False,0,55.4
Ughelli,Urhobo-Isoko,CDC/Umunna,2026-01-01,12,True,54.7,3,3,3,0.215,True,30379.0,83.2,3,1,0.333,True,True,2,1,66.7,6.2,False,0,62.4
Ughelli,Urhobo-Isoko,CDC/Umunna,2026-02-01,13,True,56.1,2,1,0,0.223,True,38436.0,91.7,4,2,0.5,False,False,1,0,100.0,10.5,False,0,73.0
Ughelli,Urhobo-Isoko,CDC/Umunna,2026-03-01,14,True,57.7,1,1,1,0.175,True,38306.0,76.1,5,3,0.6,False,False,3,0,100.0,12.8,False,0,72.4
Ughelli,Urhobo-Isoko,CDC/Umunna,2026-04-01,15,True,58.7,2,0,1,-0.06,True,32559.0,88.8,6,4,0.667,False,False,3,0,100.0,9.5,False,0,76.6
Ughelli,Urhobo-Isoko,CDC/Umunna,2026-05-01,16,True,59.2,2,1,3,0.244,True,23424.0,81.8,7,5,0.714,False,False,2,0,100.0,10.3,False,0,76.4
Ughelli,Urhobo-Isoko,CDC/Umunna,2026-06-01,17,True,59.8,3,1,2,0.291,True,21238.0,81.7,8,6,0.75,False,False,4,1,80.0,8.8,False,0,74.3
Ughelli,Urhobo-Isoko,CDC/Umunna,2026-07-01,18,True,60.0,2,1,8,0.169,True,9409.0,94.0,9,7,0.778,False,False,1,0,100.0,6.6,False,0,80.4
Ughelli,Urhobo-Isoko,CDC/Umunna,2026-08-01,19,True,60.2,2,1,3,0.346,True,11714.0,76.0,10,8,0.8,False,False,1,0,100.0,6.9,False,0,77.3
Ughelli,Urhobo-Isoko,CDC/Umunna,2026-09-01,20,True,61.8,2,1,1,0.256,True,13816.0,100.0,11,9,0.818,True,False,0,0,0.0,4.2,False,0,68.0
Ughelli,Urhobo-Isoko,CDC/Umunna,2026-10-01,21,True,61.7,1,1,4,0.308,True,26288.0,69.7,12,9,0.75,True,False,2,0,100.0,4.3,False,0,75.5
Ughelli,Urhobo-Isoko,CDC/Umunna,2026-11-01,22,True,62.0,1,0,3,0.37,True,21846.0,81.1,13,10,0.769,True,False,1,1,50.0,5.1,False,0,70.8
Ughelli,Urhobo-Isoko,CDC/Umunna,2026-12-01,23,True,62.4,3,0,2,0.164,True,23196.0,84.8,14,11,0.786,False,False,0,0,0.0,12.4,False,0,64.5
Otu-Jeremi,Urhobo-Isoko,CDC/Umunna,2025-01-01,0,False,51.0,3,1,0,0.016,True,11132.0,59.5,0,0,,False,False,0,0,0.0,17.5,False,0,39.8
Otu-Jeremi,Urhobo-Isoko,CDC/Umunna,2025-02-01,1,False,51.0,6,1,2,-0.013,False,30883.0,50.9,0,0,,False,False,0,0,0.0,18.2,False,0,38.0
Otu-Jeremi,Urhobo-Isoko,CDC/Umunna,2025-03-01,2,False,51.5,6,2,1,-0.125,False,26667.0,56.1,0,0,,False,False,0,0,0.0,11.7,False,0,39.2
Otu-Jeremi,Urhobo-Isoko,CDC/Umunna,2025-04-01,3,False,51.3,4,2,0,0.32,True,26037.0,57.8,0,0,,False,False,0,0,0.0,12.8,False,0,39.5
Otu-Jeremi,Urhobo-Isoko,CDC/Umunna,2025-05-01,4,False,51.5,5,1,0,-0.033,False,8326.0,70.7,0,0,,False,False,0,0,0.0,16.1,False,0,42.2
Otu-Jeremi,Urhobo-Isoko,CDC/Umunna,2025-06-01,5,False,51.4,5,1,0,-0.166,False,25161.0,58.1,0,0,,False,False,0,0,0.0,18.8,False,0,39.6
Otu-Jeremi,Urhobo-Isoko,CDC/Umunna,2025-07-01,6,False,51.6,4,1,0,0.033,True,24230.0,68.2,0,0,,False,False,0,0,0.0,18.2,False,0,41.7
Otu-Jeremi,Urhobo-Isoko,CDC/Umunna,2025-08-01,7,False,51.6,4,1,0,0.203,False,36569.0,56.3,0,0,,False,False,0,0,0.0,13.5,False,0,39.3
Otu-Jeremi,Urhobo-Isoko,CDC/Umunna,2025-09-01,8,False,52.1,5,1,2,-0.119,True,37214.0,64.3,0,0,,False,False,0,0,0.0,19.1,False,0,41.1
Otu-Jeremi,Urhobo-Isoko,CDC/Umunna,2025-10-01,9,False,52.0,4,1,0,0.086,False,10341.0,55.6,0,0,,False,False,0,1,0.0,18.5,False,0,39.3
Otu-Jeremi,Urhobo-Isoko,CDC/Umunna,2025-11-01,10,False,51.9,6,1,1,-0.12,False,17255.0,53.6,0,0,,False,False,1,0,100.0,18.5,False,0,53.9
Otu-Jeremi,Urhobo-Isoko,CDC/Umunna,2025-12-01,11,False,51.8,5,2,0,-0.047,False,12096.0,50.6,0,0,,False,False,1,1,50.0,18.8,False,0,45.8
Otu-Jeremi,Urhobo-Isoko,CDC/Umunna,2026-01-01,12,True,53.2,4,3,1,0.174,True,39688.0,77.0,3,1,0.333,False,True,1,1,50.0,12.3,False,0,58.2
Otu-Jeremi,Urhobo-Isoko,CDC/Umunna,2026-02-01,13,True,54.5,5,2,3,0.313,True,18438.0,87.0,4,2,0.5,False,True,0,0,0.0,4.4,False,0,56.5
Otu-Jeremi,Urhobo-Isoko,CDC/Umunna,2026-03-01,14,True,54.9,3,3,3,-0.021,True,13950.0,74.0,5,3,0.6,False,False,1,0,100.0,10.0,False,0,71.0
Otu-Jeremi,Urhobo-Isoko,CDC/Umunna,2026-04-01,15,True,54.7,5,1,0,0.197,True,11724.0,84.7,6,4,0.667,False,False,2,1,66.7,9.4,False,0,69.4
Otu-Jeremi,Urhobo-Isoko,CDC/Umunna,2026-05-01,16,True,55.0,4,3,5,0.16,True,21216.0,77.4,7,5,0.714,True,True,0,1,0.0,8.0,False,2,56.0
Otu-Jeremi,Urhobo-Isoko,CDC/Umunna,2026-06-01,17,True,55.9,3,2,0,0.365,True,11509.0,95.7,8,6,0.75,False,False,2,0,100.0,8.7,False,0,78.7
Otu-Jeremi,Urhobo-Isoko,CDC/Umunna,2026-07-01,18,True,56.0,5,1,3,0.362,False,15034.0,85.3,9,7,0.778,False,False,1,0,100.0,4.5,False,0,77.2
Otu-Jeremi,Urhobo-Isoko,CDC/Umunna,2026-08-01,19,True,56.3,3,3,2,0.198,True,34193.0,81.6,10,7,0.7,False,False,1,0,100.0,6.9,False,0,75.0
Otu-Jeremi,Urhobo-Isoko,CDC/Umunna,2026-09-01,20,True,56.9,4,1,1,0.091,False,18447.0,82.5,11,8,0.727,True,False,3,0,100.0,11.4,False,0,76.0
Otu-Jeremi,Urhobo-Isoko,CDC/Umunna,2026-10-01,21,True,57.9,3,2,3,0.178,True,19778.0,97.7,12,9,0.75,True,False,3,0,100.0,8.6,False,0,79.8
Otu-Jeremi,Urhobo-Isoko,CDC/Umunna,2026-11-01,22,True,58.4,5,1,3,0.361,True,36865.0,77.4,13,10,0.769,True,False,2,0,100.0,13.0,False,0,76.3
Otu-Jeremi,Urhobo-Isoko,CDC/Umunna,2026-12-01,23,True,59.7,2,3,1,0.182,True,13606.0,85.2,14,11,0.786,True,False,1,0,100.0,7.0,False,0,78.7
Uzere,Urhobo-Isoko,CDC/Umunna,2025-01-01,0,False,48.7,5,1,0,-0.33,False,10582.0,58.1,0,0,,False,False,0,1,0.0,18.9,False,0,38.7
Uzere,Urhobo-Isoko,CDC/Umunna,2025-02-01,1,False,48.6,5,1,2,0.181,False,9286.0,67.8,0,0,,False,False,0,0,0.0,19.7,False,0,40.6
Uzere,Urhobo-Isoko,CDC/Umunna,2025-03-01,2,False,48.6,5,1,0,-0.214,False,23915.0,56.3,0,0,,False,True,0,0,0.0,17.4,False,4,32.3
Uzere,Urhobo-Isoko,CDC/Umunna,2025-04-01,3,False,48.7,5,1,1,-0.037,True,38401.0,50.0,0,0,,False,False,0,0,0.0,20.7,False,0,37.0
Uzere,Urhobo-Isoko,CDC/Umunna,2025-05-01,4,False,47.8,4,1,2,-0.316,False,12983.0,44.0,0,0,,False,False,0,0,0.0,17.8,False,0,35.5
Uzere,Urhobo-Isoko,CDC/Umunna,2025-06-01,5,False,47.2,4,1,1,-0.09,False,36280.0,68.0,0,0,,False,False,1,1,50.0,15.1,False,0,47.6
Uzere,Urhobo-Isoko,CDC/Umunna,2025-07-01,6,False,48.1,4,1,0,-0.138,True,26889.0,58.5,0,0,,False,False,1,0,100.0,12.9,False,0,53.5
Uzere,Urhobo-Isoko,CDC/Umunna,2025-08-01,7,False,47.4,4,1,1,-0.099,True,14108.0,54.2,0,0,,False,False,0,0,0.0,11.2,False,0,37.4
Uzere,Urhobo-Isoko,CDC/Umunna,2025-09-01,8,False,47.7,3,1,1,0.029,False,39025.0,61.4,0,0,,False,False,0,1,0.0,19.8,False,0,39.0
Uzere,Urhobo-Isoko,CDC/Umunna,2025-10-01,9,False,48.3,5,1,2,0.189,True,8167.0,51.2,0,0,,False,False,0,0,0.0,15.8,False,0,37.2
Uzere,Urhobo-Isoko,CDC/Umunna,2025-11-01,10,False,48.1,6,1,2,-0.12,True,35304.0,60.0,0,0,,False,False,0,0,0.0,18.2,False,0,38.8
Uzere,Urhobo-Isoko,CDC/Umunna,2025-12-01,11,False,47.8,4,2,2,-0.063,False,18688.0,68.4,0,0,,False,True,0,0,0.0,15.7,False,5,32.9
Uzere,Urhobo-Isoko,CDC/Umunna,2026-01-01,12,True,50.2,2,2,4,-0.019,False,10951.0,80.2,3,1,0.333,False,False,0,0,0.0,9.1,False,0,50.3
Uzere,Urhobo-Isoko,CDC/Umunna,2026-02-01,13,True,50.9,2,1,3,0.017,True,38771.0,81.0,4,2,0.5,False,True,1,0,100.0,5.2,False,1,67.5
Uzere,Urhobo-Isoko,CDC/Umunna,2026-03-01,14,True,51.6,1,1,2,0.162,True,13089.0,80.0,5,3,0.6,False,False,2,0,100.0,5.5,False,0,71.1
Uzere,Urhobo-Isoko,CDC/Umunna,2026-04-01,15,True,52.7,3,0,0,0.294,True,20193.0,81.1,6,4,0.667,True,False,3,0,100.0,8.3,False,0,73.0
Uzere,Urhobo-Isoko,CDC/Umunna,2026-05-01,16,True,54.0,4,1,4,0.128,True,12071.0,88.0,7,5,0.714,True,False,3,0,100.0,14.3,False,0,75.8
Uzere,Urhobo-Isoko,CDC/Umunna,2026-06-01,17,True,55.1,6,2,3,0.135,True,38685.0,86.7,8,6,0.75,True,False,2,0,100.0,8.6,False,0,76.6
Uzere,Urhobo-Isoko,CDC/Umunna,2026-07-01,18,True,55.1,3,3,2,-0.003,True,38901.0,71.7,9,7,0.778,False,True,1,0,100.0,10.8,False,0,74.2
Uzere,Urhobo-Isoko,CDC/Umunna,2026-08-01,19,True,55.1,3,1,4,0.059,True,32571.0,89.4,10,8,0.8,False,False,1,1,50.0,8.4,False,0,70.6
Uzere,Urhobo-Isoko,CDC/Umunna,2026-09-01,20,True,55.9,2,1,6,0.214,True,14618.0,94.5,11,9,0.818,False,False,2,0,100.0,13.7,False,0,79.8
Uzere,Urhobo-Isoko,CDC/Umunna,2026-10-01,21,True,56.6,2,1,0,0.132,True,21510.0,92.2,12,10,0.833,True,False,0,0,0.0,8.5,False,0,64.9
Uzere,Urhobo-Isoko,CDC/Umunna,2026-11-01,22,True,57.4,1,1,0,0.136,True,10833.0,82.6,13,11,0.846,True,False,4,0,100.0,12.6,False,0,78.5
Uzere,Urhobo-Isoko,CDC/Umunna,2026-12-01,23,True,57.5,2,0,0,0.041,True,38564.0,100.0,14,12,0.857,True,False,5,0,100.0,7.7,False,0,82.3
