segment_id,corridor,governance_type,terrain,install_year,clamp_count,geo_verified,throughput_bpd,distance_to_community_km,true_incident_propensity_monthly
SEG-001,TFP,urhobo_isoko_cdc,swamp,1980,5,True,21759,3.44,0.0293
SEG-002,TFP,urhobo_isoko_cdc,swamp,2006,3,False,19638,7.99,0.0523
SEG-003,TFP,urhobo_isoko_cdc,swamp,1998,4,True,19954,5.49,0.025
SEG-004,TFP,urhobo_isoko_cdc,swamp,1985,7,False,15929,2.55,0.0634
SEG-005,TFP,urhobo_isoko_cdc,swamp,1970,5,True,12754,4.59,0.031
SEG-006,TFP,urhobo_isoko_cdc,swamp,1993,3,True,10139,2.46,0.0272
SEG-007,TFP,urhobo_isoko_cdc,swamp,1971,7,True,20560,0.88,0.0441
SEG-008,TFP,urhobo_isoko_cdc,swamp,1992,4,False,15914,6.04,0.056
SEG-009,TFP,urhobo_isoko_cdc,swamp,1971,5,True,20907,6.37,0.0308
SEG-010,TFP,urhobo_isoko_cdc,swamp,2005,3,False,13442,7.55,0.0525
SEG-011,TFP,urhobo_isoko_cdc,swamp,1969,6,True,19076,1.27,0.0412
SEG-012,TFP,urhobo_isoko_cdc,swamp,2008,4,True,14944,2.52,0.0257
SEG-013,TFP,urhobo_isoko_cdc,swamp,1966,5,True,13555,4.16,0.0317
SEG-014,TFP,urhobo_isoko_cdc,swamp,1995,4,True,14865,3.83,0.0255
SEG-015,TNP,ogoni_traditional,upland,1977,4,True,10522,5.13,0.0285
SEG-016,TNP,ogoni_traditional,upland,1969,4,False,7036,4.1,0.0598
SEG-017,TNP,ogoni_traditional,upland,1974,4,True,8060,4.64,0.029
SEG-018,TNP,ogoni_traditional,upland,1989,4,True,7753,4.25,0.0265
SEG-019,TNP,ogoni_traditional,upland,1976,6,True,13926,4.57,0.0313
SEG-020,TNP,ogoni_traditional,upland,2016,4,False,13683,2.29,0.0556
SEG-021,TNP,ogoni_traditional,upland,1999,5,False,9450,7.63,0.0562
SEG-022,TNP,ogoni_traditional,upland,2007,4,False,8838,2.9,0.054
SEG-023,TNP,ogoni_traditional,upland,2000,5,False,9452,7.21,0.056
SEG-024,TNP,ogoni_traditional,upland,1979,6,True,10132,1.66,0.0375
SEG-025,TNP,ogoni_traditional,upland,1991,6,False,7922,6.75,0.0588
SEG-026,TNP,ogoni_traditional,upland,2011,2,True,6906,5.72,0.0202
SEG-027,TNP,ogoni_traditional,upland,2007,2,True,7102,5.56,0.0208
SEG-028,TNP,ogoni_traditional,upland,2012,4,True,8488,6.65,0.0227
SEG-029,TNP,ogoni_traditional,upland,1983,4,False,11280,7.22,0.0575
SEG-030,TNP,ogoni_traditional,upland,2005,2,True,15222,6.15,0.0212
SEG-031,Riverine-Connectors,ijaw_wari,riverine,1996,5,True,5358,7.03,0.0267
SEG-032,Riverine-Connectors,ijaw_wari,riverine,2003,6,True,5000,7.47,0.0268
SEG-033,Riverine-Connectors,ijaw_wari,riverine,1976,7,False,5000,0.45,0.0754
SEG-034,Riverine-Connectors,ijaw_wari,riverine,1967,5,False,5000,0.95,0.0718
SEG-035,Riverine-Connectors,ijaw_wari,riverine,1997,5,False,5432,2.11,0.061
SEG-036,Riverine-Connectors,ijaw_wari,riverine,1996,5,False,5000,5.77,0.0567
SEG-037,Riverine-Connectors,ijaw_wari,riverine,2004,4,True,6738,5.89,0.024
SEG-038,Riverine-Connectors,ijaw_wari,riverine,2005,1,True,6331,6.81,0.0198
SEG-039,Riverine-Connectors,ijaw_wari,riverine,2016,5,False,6898,6.71,0.0533
SEG-040,Riverine-Connectors,ijaw_wari,riverine,1984,4,False,5082,3.47,0.0573
SEG-041,Riverine-Connectors,ijaw_wari,riverine,1972,4,True,5000,3.93,0.0293
SEG-042,Riverine-Connectors,ijaw_wari,riverine,1970,4,True,5378,3.48,0.0297
