segment_id,corridor,governance_type,terrain,period,month_index,age_years,dcvg_defect_count,cathodic_protection_reading_mv,historical_incident_count_3yr,throughput_bpd,clamp_count,geo_verified,distance_to_community_km,actual_incident_occurred_this_month
SEG-001,TFP,urhobo_isoko_cdc,swamp,2025-01-01,0,46,3,-1051.1,0,21759,5,True,3.44,False
SEG-001,TFP,urhobo_isoko_cdc,swamp,2025-02-01,1,46,3,-1027.8,0,21759,5,True,3.44,False
SEG-001,TFP,urhobo_isoko_cdc,swamp,2025-03-01,2,46,3,-1009.6,0,21759,5,True,3.44,False
SEG-001,TFP,urhobo_isoko_cdc,swamp,2025-04-01,3,46,3,-1000.2,0,21759,5,True,3.44,False
SEG-001,TFP,urhobo_isoko_cdc,swamp,2025-05-01,4,46,3,-1000.2,0,21759,5,True,3.44,False
SEG-001,TFP,urhobo_isoko_cdc,swamp,2025-06-01,5,46,3,-998.3,0,21759,5,True,3.44,False
SEG-001,TFP,urhobo_isoko_cdc,swamp,2025-07-01,6,46,2,-990.8,0,21759,5,True,3.44,False
SEG-001,TFP,urhobo_isoko_cdc,swamp,2025-08-01,7,46,3,-983.1,0,21759,5,True,3.44,False
SEG-001,TFP,urhobo_isoko_cdc,swamp,2025-09-01,8,46,3,-993.2,0,21759,5,True,3.44,False
SEG-001,TFP,urhobo_isoko_cdc,swamp,2025-10-01,9,46,3,-990.3,0,21759,5,True,3.44,False
SEG-001,TFP,urhobo_isoko_cdc,swamp,2025-11-01,10,46,4,-1005.9,0,21759,5,True,3.44,False
SEG-001,TFP,urhobo_isoko_cdc,swamp,2025-12-01,11,46,5,-1004.7,1,21759,5,True,3.44,True
SEG-001,TFP,urhobo_isoko_cdc,swamp,2026-01-01,12,46,4,-987.1,1,21759,5,True,3.44,False
SEG-001,TFP,urhobo_isoko_cdc,swamp,2026-02-01,13,46,5,-985.4,1,21759,5,True,3.44,False
SEG-001,TFP,urhobo_isoko_cdc,swamp,2026-03-01,14,46,5,-984.3,1,21759,5,True,3.44,False
SEG-001,TFP,urhobo_isoko_cdc,swamp,2026-04-01,15,46,5,-974.3,1,21759,5,True,3.44,False
SEG-001,TFP,urhobo_isoko_cdc,swamp,2026-05-01,16,46,5,-974.0,1,21759,5,True,3.44,False
SEG-001,TFP,urhobo_isoko_cdc,swamp,2026-06-01,17,46,5,-981.7,1,21759,5,True,3.44,False
SEG-001,TFP,urhobo_isoko_cdc,swamp,2026-07-01,18,46,2,-983.7,1,21759,5,True,3.44,False
SEG-001,TFP,urhobo_isoko_cdc,swamp,2026-08-01,19,46,3,-987.8,2,21759,5,True,3.44,True
SEG-001,TFP,urhobo_isoko_cdc,swamp,2026-09-01,20,46,3,-1000.5,2,21759,5,True,3.44,False
SEG-001,TFP,urhobo_isoko_cdc,swamp,2026-10-01,21,46,4,-1002.3,2,21759,5,True,3.44,False
SEG-001,TFP,urhobo_isoko_cdc,swamp,2026-11-01,22,46,6,-1027.6,2,21759,5,True,3.44,False
SEG-001,TFP,urhobo_isoko_cdc,swamp,2026-12-01,23,46,6,-1040.2,2,21759,5,True,3.44,False
SEG-002,TFP,urhobo_isoko_cdc,swamp,2025-01-01,0,20,1,-1018.0,0,19638,3,False,7.99,False
SEG-002,TFP,urhobo_isoko_cdc,swamp,2025-02-01,1,20,1,-1014.1,0,19638,3,False,7.99,False
SEG-002,TFP,urhobo_isoko_cdc,swamp,2025-03-01,2,20,1,-1008.0,0,19638,3,False,7.99,False
SEG-002,TFP,urhobo_isoko_cdc,swamp,2025-04-01,3,20,1,-1008.2,0,19638,3,False,7.99,False
SEG-002,TFP,urhobo_isoko_cdc,swamp,2025-05-01,4,20,1,-989.1,0,19638,3,False,7.99,False
SEG-002,TFP,urhobo_isoko_cdc,swamp,2025-06-01,5,20,1,-990.1,0,19638,3,False,7.99,False
SEG-002,TFP,urhobo_isoko_cdc,swamp,2025-07-01,6,20,1,-984.4,0,19638,3,False,7.99,False
SEG-002,TFP,urhobo_isoko_cdc,swamp,2025-08-01,7,20,2,-965.7,0,19638,3,False,7.99,False
SEG-002,TFP,urhobo_isoko_cdc,swamp,2025-09-01,8,20,2,-976.3,0,19638,3,False,7.99,False
SEG-002,TFP,urhobo_isoko_cdc,swamp,2025-10-01,9,20,3,-995.6,0,19638,3,False,7.99,False
SEG-002,TFP,urhobo_isoko_cdc,swamp,2025-11-01,10,20,3,-1010.2,0,19638,3,False,7.99,False
SEG-002,TFP,urhobo_isoko_cdc,swamp,2025-12-01,11,20,3,-1005.3,0,19638,3,False,7.99,False
SEG-002,TFP,urhobo_isoko_cdc,swamp,2026-01-01,12,20,2,-994.9,0,19638,3,False,7.99,False
SEG-002,TFP,urhobo_isoko_cdc,swamp,2026-02-01,13,20,2,-1010.2,0,19638,3,False,7.99,False
SEG-002,TFP,urhobo_isoko_cdc,swamp,2026-03-01,14,20,2,-1013.3,0,19638,3,False,7.99,False
SEG-002,TFP,urhobo_isoko_cdc,swamp,2026-04-01,15,20,2,-996.8,0,19638,3,False,7.99,False
SEG-002,TFP,urhobo_isoko_cdc,swamp,2026-05-01,16,20,4,-983.9,0,19638,3,False,7.99,False
SEG-002,TFP,urhobo_isoko_cdc,swamp,2026-06-01,17,20,5,-994.6,0,19638,3,False,7.99,False
SEG-002,TFP,urhobo_isoko_cdc,swamp,2026-07-01,18,20,0,-1005.3,1,19638,3,False,7.99,True
SEG-002,TFP,urhobo_isoko_cdc,swamp,2026-08-01,19,20,0,-1006.4,1,19638,3,False,7.99,False
SEG-002,TFP,urhobo_isoko_cdc,swamp,2026-09-01,20,20,0,-1000.0,1,19638,3,False,7.99,False
SEG-002,TFP,urhobo_isoko_cdc,swamp,2026-10-01,21,20,0,-983.4,1,19638,3,False,7.99,False
SEG-002,TFP,urhobo_isoko_cdc,swamp,2026-11-01,22,20,0,-990.7,1,19638,3,False,7.99,False
SEG-002,TFP,urhobo_isoko_cdc,swamp,2026-12-01,23,20,0,-982.1,2,19638,3,False,7.99,True
SEG-003,TFP,urhobo_isoko_cdc,swamp,2025-01-01,0,28,3,-1014.3,0,19954,4,True,5.49,False
SEG-003,TFP,urhobo_isoko_cdc,swamp,2025-02-01,1,28,4,-1008.1,0,19954,4,True,5.49,False
SEG-003,TFP,urhobo_isoko_cdc,swamp,2025-03-01,2,28,4,-1018.8,0,19954,4,True,5.49,False
SEG-003,TFP,urhobo_isoko_cdc,swamp,2025-04-01,3,28,4,-1002.9,0,19954,4,True,5.49,False
SEG-003,TFP,urhobo_isoko_cdc,swamp,2025-05-01,4,28,4,-1001.6,0,19954,4,True,5.49,False
SEG-003,TFP,urhobo_isoko_cdc,swamp,2025-06-01,5,28,4,-1003.0,0,19954,4,True,5.49,False
SEG-003,TFP,urhobo_isoko_cdc,swamp,2025-07-01,6,28,3,-1011.6,0,19954,4,True,5.49,False
SEG-003,TFP,urhobo_isoko_cdc,swamp,2025-08-01,7,28,5,-1011.5,0,19954,4,True,5.49,False
SEG-003,TFP,urhobo_isoko_cdc,swamp,2025-09-01,8,28,6,-1034.3,0,19954,4,True,5.49,False
SEG-003,TFP,urhobo_isoko_cdc,swamp,2025-10-01,9,28,6,-1060.4,0,19954,4,True,5.49,False
SEG-003,TFP,urhobo_isoko_cdc,swamp,2025-11-01,10,28,6,-1069.7,0,19954,4,True,5.49,False
SEG-003,TFP,urhobo_isoko_cdc,swamp,2025-12-01,11,28,8,-1039.8,0,19954,4,True,5.49,False
SEG-003,TFP,urhobo_isoko_cdc,swamp,2026-01-01,12,28,1,-1046.1,0,19954,4,True,5.49,False
SEG-003,TFP,urhobo_isoko_cdc,swamp,2026-02-01,13,28,1,-1043.0,0,19954,4,True,5.49,False
SEG-003,TFP,urhobo_isoko_cdc,swamp,2026-03-01,14,28,1,-1035.6,0,19954,4,True,5.49,False
SEG-003,TFP,urhobo_isoko_cdc,swamp,2026-04-01,15,28,1,-1039.7,0,19954,4,True,5.49,False
SEG-003,TFP,urhobo_isoko_cdc,swamp,2026-05-01,16,28,1,-1035.0,0,19954,4,True,5.49,False
SEG-003,TFP,urhobo_isoko_cdc,swamp,2026-06-01,17,28,1,-1019.9,0,19954,4,True,5.49,False
SEG-003,TFP,urhobo_isoko_cdc,swamp,2026-07-01,18,28,1,-1032.8,0,19954,4,True,5.49,False
SEG-003,TFP,urhobo_isoko_cdc,swamp,2026-08-01,19,28,1,-1018.7,0,19954,4,True,5.49,False
SEG-003,TFP,urhobo_isoko_cdc,swamp,2026-09-01,20,28,1,-1015.0,0,19954,4,True,5.49,False
SEG-003,TFP,urhobo_isoko_cdc,swamp,2026-10-01,21,28,2,-1018.2,0,19954,4,True,5.49,False
SEG-003,TFP,urhobo_isoko_cdc,swamp,2026-11-01,22,28,3,-1023.5,0,19954,4,True,5.49,False
SEG-003,TFP,urhobo_isoko_cdc,swamp,2026-12-01,23,28,3,-1008.8,0,19954,4,True,5.49,False
SEG-004,TFP,urhobo_isoko_cdc,swamp,2025-01-01,0,41,2,-784.0,0,15929,7,False,2.55,False
SEG-004,TFP,urhobo_isoko_cdc,swamp,2025-02-01,1,41,3,-805.4,0,15929,7,False,2.55,False
SEG-004,TFP,urhobo_isoko_cdc,swamp,2025-03-01,2,41,4,-805.0,0,15929,7,False,2.55,False
SEG-004,TFP,urhobo_isoko_cdc,swamp,2025-04-01,3,41,7,-794.3,1,15929,7,False,2.55,True
SEG-004,TFP,urhobo_isoko_cdc,swamp,2025-05-01,4,41,7,-795.7,2,15929,7,False,2.55,True
SEG-004,TFP,urhobo_isoko_cdc,swamp,2025-06-01,5,41,7,-788.6,2,15929,7,False,2.55,False
SEG-004,TFP,urhobo_isoko_cdc,swamp,2025-07-01,6,41,2,-792.5,3,15929,7,False,2.55,True
SEG-004,TFP,urhobo_isoko_cdc,swamp,2025-08-01,7,41,3,-796.5,3,15929,7,False,2.55,False
SEG-004,TFP,urhobo_isoko_cdc,swamp,2025-09-01,8,41,4,-812.4,3,15929,7,False,2.55,False
SEG-004,TFP,urhobo_isoko_cdc,swamp,2025-10-01,9,41,4,-821.6,3,15929,7,False,2.55,False
SEG-004,TFP,urhobo_isoko_cdc,swamp,2025-11-01,10,41,5,-809.1,3,15929,7,False,2.55,False
SEG-004,TFP,urhobo_isoko_cdc,swamp,2025-12-01,11,41,5,-784.6,3,15929,7,False,2.55,False
SEG-004,TFP,urhobo_isoko_cdc,swamp,2026-01-01,12,41,3,-779.9,3,15929,7,False,2.55,False
SEG-004,TFP,urhobo_isoko_cdc,swamp,2026-02-01,13,41,4,-778.5,4,15929,7,False,2.55,True
SEG-004,TFP,urhobo_isoko_cdc,swamp,2026-03-01,14,41,4,-783.0,4,15929,7,False,2.55,False
SEG-004,TFP,urhobo_isoko_cdc,swamp,2026-04-01,15,41,4,-778.3,4,15929,7,False,2.55,False
SEG-004,TFP,urhobo_isoko_cdc,swamp,2026-05-01,16,41,4,-776.5,4,15929,7,False,2.55,False
SEG-004,TFP,urhobo_isoko_cdc,swamp,2026-06-01,17,41,4,-782.0,4,15929,7,False,2.55,False
SEG-004,TFP,urhobo_isoko_cdc,swamp,2026-07-01,18,41,3,-788.3,4,15929,7,False,2.55,False
SEG-004,TFP,urhobo_isoko_cdc,swamp,2026-08-01,19,41,3,-779.2,4,15929,7,False,2.55,False
SEG-004,TFP,urhobo_isoko_cdc,swamp,2026-09-01,20,41,3,-751.9,4,15929,7,False,2.55,False
SEG-004,TFP,urhobo_isoko_cdc,swamp,2026-10-01,21,41,3,-759.4,4,15929,7,False,2.55,False
SEG-004,TFP,urhobo_isoko_cdc,swamp,2026-11-01,22,41,3,-752.8,4,15929,7,False,2.55,False
SEG-004,TFP,urhobo_isoko_cdc,swamp,2026-12-01,23,41,4,-733.6,4,15929,7,False,2.55,False
SEG-005,TFP,urhobo_isoko_cdc,swamp,2025-01-01,0,56,3,-785.6,0,12754,5,True,4.59,False
SEG-005,TFP,urhobo_isoko_cdc,swamp,2025-02-01,1,56,4,-791.5,0,12754,5,True,4.59,False
SEG-005,TFP,urhobo_isoko_cdc,swamp,2025-03-01,2,56,4,-795.9,0,12754,5,True,4.59,False
SEG-005,TFP,urhobo_isoko_cdc,swamp,2025-04-01,3,56,4,-799.1,0,12754,5,True,4.59,False
SEG-005,TFP,urhobo_isoko_cdc,swamp,2025-05-01,4,56,4,-787.5,0,12754,5,True,4.59,False
SEG-005,TFP,urhobo_isoko_cdc,swamp,2025-06-01,5,56,4,-787.2,0,12754,5,True,4.59,False
SEG-005,TFP,urhobo_isoko_cdc,swamp,2025-07-01,6,56,1,-804.9,0,12754,5,True,4.59,False
SEG-005,TFP,urhobo_isoko_cdc,swamp,2025-08-01,7,56,2,-805.2,0,12754,5,True,4.59,False
SEG-005,TFP,urhobo_isoko_cdc,swamp,2025-09-01,8,56,2,-810.0,0,12754,5,True,4.59,False
SEG-005,TFP,urhobo_isoko_cdc,swamp,2025-10-01,9,56,2,-846.1,0,12754,5,True,4.59,False
SEG-005,TFP,urhobo_isoko_cdc,swamp,2025-11-01,10,56,2,-831.3,0,12754,5,True,4.59,False
SEG-005,TFP,urhobo_isoko_cdc,swamp,2025-12-01,11,56,2,-802.4,0,12754,5,True,4.59,False
SEG-005,TFP,urhobo_isoko_cdc,swamp,2026-01-01,12,56,1,-786.5,0,12754,5,True,4.59,False
SEG-005,TFP,urhobo_isoko_cdc,swamp,2026-02-01,13,56,2,-752.4,0,12754,5,True,4.59,False
SEG-005,TFP,urhobo_isoko_cdc,swamp,2026-03-01,14,56,2,-750.4,0,12754,5,True,4.59,False
SEG-005,TFP,urhobo_isoko_cdc,swamp,2026-04-01,15,56,3,-769.0,0,12754,5,True,4.59,False
SEG-005,TFP,urhobo_isoko_cdc,swamp,2026-05-01,16,56,4,-760.1,0,12754,5,True,4.59,False
SEG-005,TFP,urhobo_isoko_cdc,swamp,2026-06-01,17,56,4,-762.4,0,12754,5,True,4.59,False
SEG-005,TFP,urhobo_isoko_cdc,swamp,2026-07-01,18,56,1,-781.0,0,12754,5,True,4.59,False
SEG-005,TFP,urhobo_isoko_cdc,swamp,2026-08-01,19,56,1,-786.7,0,12754,5,True,4.59,False
SEG-005,TFP,urhobo_isoko_cdc,swamp,2026-09-01,20,56,1,-769.6,0,12754,5,True,4.59,False
SEG-005,TFP,urhobo_isoko_cdc,swamp,2026-10-01,21,56,1,-756.0,0,12754,5,True,4.59,False
SEG-005,TFP,urhobo_isoko_cdc,swamp,2026-11-01,22,56,1,-774.0,0,12754,5,True,4.59,False
SEG-005,TFP,urhobo_isoko_cdc,swamp,2026-12-01,23,56,1,-762.9,0,12754,5,True,4.59,False
SEG-006,TFP,urhobo_isoko_cdc,swamp,2025-01-01,0,33,3,-1107.6,0,10139,3,True,2.46,False
SEG-006,TFP,urhobo_isoko_cdc,swamp,2025-02-01,1,33,3,-1089.8,0,10139,3,True,2.46,False
SEG-006,TFP,urhobo_isoko_cdc,swamp,2025-03-01,2,33,3,-1064.9,0,10139,3,True,2.46,False
SEG-006,TFP,urhobo_isoko_cdc,swamp,2025-04-01,3,33,3,-1044.0,0,10139,3,True,2.46,False
SEG-006,TFP,urhobo_isoko_cdc,swamp,2025-05-01,4,33,4,-1041.5,0,10139,3,True,2.46,False
SEG-006,TFP,urhobo_isoko_cdc,swamp,2025-06-01,5,33,4,-1044.0,0,10139,3,True,2.46,False
SEG-006,TFP,urhobo_isoko_cdc,swamp,2025-07-01,6,33,2,-1028.3,0,10139,3,True,2.46,False
SEG-006,TFP,urhobo_isoko_cdc,swamp,2025-08-01,7,33,2,-1020.9,0,10139,3,True,2.46,False
SEG-006,TFP,urhobo_isoko_cdc,swamp,2025-09-01,8,33,2,-1022.7,0,10139,3,True,2.46,False
SEG-006,TFP,urhobo_isoko_cdc,swamp,2025-10-01,9,33,2,-1051.0,0,10139,3,True,2.46,False
SEG-006,TFP,urhobo_isoko_cdc,swamp,2025-11-01,10,33,2,-1052.0,0,10139,3,True,2.46,False
SEG-006,TFP,urhobo_isoko_cdc,swamp,2025-12-01,11,33,3,-1053.2,0,10139,3,True,2.46,False
SEG-006,TFP,urhobo_isoko_cdc,swamp,2026-01-01,12,33,0,-1029.7,0,10139,3,True,2.46,False
SEG-006,TFP,urhobo_isoko_cdc,swamp,2026-02-01,13,33,0,-1045.8,0,10139,3,True,2.46,False
SEG-006,TFP,urhobo_isoko_cdc,swamp,2026-03-01,14,33,0,-1050.1,0,10139,3,True,2.46,False
SEG-006,TFP,urhobo_isoko_cdc,swamp,2026-04-01,15,33,0,-1051.7,0,10139,3,True,2.46,False
SEG-006,TFP,urhobo_isoko_cdc,swamp,2026-05-01,16,33,0,-1017.0,0,10139,3,True,2.46,False
SEG-006,TFP,urhobo_isoko_cdc,swamp,2026-06-01,17,33,1,-1031.9,0,10139,3,True,2.46,False
SEG-006,TFP,urhobo_isoko_cdc,swamp,2026-07-01,18,33,0,-1067.9,0,10139,3,True,2.46,False
SEG-006,TFP,urhobo_isoko_cdc,swamp,2026-08-01,19,33,0,-1058.1,0,10139,3,True,2.46,False
SEG-006,TFP,urhobo_isoko_cdc,swamp,2026-09-01,20,33,0,-1066.6,0,10139,3,True,2.46,False
SEG-006,TFP,urhobo_isoko_cdc,swamp,2026-10-01,21,33,0,-1056.5,0,10139,3,True,2.46,False
SEG-006,TFP,urhobo_isoko_cdc,swamp,2026-11-01,22,33,1,-1055.7,0,10139,3,True,2.46,False
SEG-006,TFP,urhobo_isoko_cdc,swamp,2026-12-01,23,33,1,-1055.9,0,10139,3,True,2.46,False
SEG-007,TFP,urhobo_isoko_cdc,swamp,2025-01-01,0,55,4,-1022.8,0,20560,7,True,0.88,False
SEG-007,TFP,urhobo_isoko_cdc,swamp,2025-02-01,1,55,4,-978.4,1,20560,7,True,0.88,True
SEG-007,TFP,urhobo_isoko_cdc,swamp,2025-03-01,2,55,5,-955.4,1,20560,7,True,0.88,False
SEG-007,TFP,urhobo_isoko_cdc,swamp,2025-04-01,3,55,5,-975.1,1,20560,7,True,0.88,False
SEG-007,TFP,urhobo_isoko_cdc,swamp,2025-05-01,4,55,5,-957.9,1,20560,7,True,0.88,False
SEG-007,TFP,urhobo_isoko_cdc,swamp,2025-06-01,5,55,5,-949.5,1,20560,7,True,0.88,False
SEG-007,TFP,urhobo_isoko_cdc,swamp,2025-07-01,6,55,2,-980.2,1,20560,7,True,0.88,False
SEG-007,TFP,urhobo_isoko_cdc,swamp,2025-08-01,7,55,2,-963.5,1,20560,7,True,0.88,False
SEG-007,TFP,urhobo_isoko_cdc,swamp,2025-09-01,8,55,2,-989.4,1,20560,7,True,0.88,False
SEG-007,TFP,urhobo_isoko_cdc,swamp,2025-10-01,9,55,2,-970.1,1,20560,7,True,0.88,False
SEG-007,TFP,urhobo_isoko_cdc,swamp,2025-11-01,10,55,2,-941.6,1,20560,7,True,0.88,False
SEG-007,TFP,urhobo_isoko_cdc,swamp,2025-12-01,11,55,2,-946.7,1,20560,7,True,0.88,False
SEG-007,TFP,urhobo_isoko_cdc,swamp,2026-01-01,12,55,2,-945.8,1,20560,7,True,0.88,False
SEG-007,TFP,urhobo_isoko_cdc,swamp,2026-02-01,13,55,2,-917.1,1,20560,7,True,0.88,False
SEG-007,TFP,urhobo_isoko_cdc,swamp,2026-03-01,14,55,2,-920.9,1,20560,7,True,0.88,False
SEG-007,TFP,urhobo_isoko_cdc,swamp,2026-04-01,15,55,2,-916.8,1,20560,7,True,0.88,False
SEG-007,TFP,urhobo_isoko_cdc,swamp,2026-05-01,16,55,2,-940.4,1,20560,7,True,0.88,False
SEG-007,TFP,urhobo_isoko_cdc,swamp,2026-06-01,17,55,2,-921.5,1,20560,7,True,0.88,False
SEG-007,TFP,urhobo_isoko_cdc,swamp,2026-07-01,18,55,2,-913.1,1,20560,7,True,0.88,False
SEG-007,TFP,urhobo_isoko_cdc,swamp,2026-08-01,19,55,3,-896.8,1,20560,7,True,0.88,False
SEG-007,TFP,urhobo_isoko_cdc,swamp,2026-09-01,20,55,3,-889.8,1,20560,7,True,0.88,False
SEG-007,TFP,urhobo_isoko_cdc,swamp,2026-10-01,21,55,3,-879.1,1,20560,7,True,0.88,False
SEG-007,TFP,urhobo_isoko_cdc,swamp,2026-11-01,22,55,3,-867.5,1,20560,7,True,0.88,False
SEG-007,TFP,urhobo_isoko_cdc,swamp,2026-12-01,23,55,3,-860.7,1,20560,7,True,0.88,False
SEG-008,TFP,urhobo_isoko_cdc,swamp,2025-01-01,0,34,1,-817.0,0,15914,4,False,6.04,False
SEG-008,TFP,urhobo_isoko_cdc,swamp,2025-02-01,1,34,1,-792.0,0,15914,4,False,6.04,False
SEG-008,TFP,urhobo_isoko_cdc,swamp,2025-03-01,2,34,1,-794.5,0,15914,4,False,6.04,False
SEG-008,TFP,urhobo_isoko_cdc,swamp,2025-04-01,3,34,1,-786.0,0,15914,4,False,6.04,False
SEG-008,TFP,urhobo_isoko_cdc,swamp,2025-05-01,4,34,1,-778.0,0,15914,4,False,6.04,False
SEG-008,TFP,urhobo_isoko_cdc,swamp,2025-06-01,5,34,2,-788.7,0,15914,4,False,6.04,False
SEG-008,TFP,urhobo_isoko_cdc,swamp,2025-07-01,6,34,2,-801.1,0,15914,4,False,6.04,False
SEG-008,TFP,urhobo_isoko_cdc,swamp,2025-08-01,7,34,2,-807.0,0,15914,4,False,6.04,False
SEG-008,TFP,urhobo_isoko_cdc,swamp,2025-09-01,8,34,2,-811.3,0,15914,4,False,6.04,False
SEG-008,TFP,urhobo_isoko_cdc,swamp,2025-10-01,9,34,2,-841.4,0,15914,4,False,6.04,False
SEG-008,TFP,urhobo_isoko_cdc,swamp,2025-11-01,10,34,3,-842.4,0,15914,4,False,6.04,False
SEG-008,TFP,urhobo_isoko_cdc,swamp,2025-12-01,11,34,4,-798.8,0,15914,4,False,6.04,False
SEG-008,TFP,urhobo_isoko_cdc,swamp,2026-01-01,12,34,2,-817.5,0,15914,4,False,6.04,False
SEG-008,TFP,urhobo_isoko_cdc,swamp,2026-02-01,13,34,2,-803.5,0,15914,4,False,6.04,False
SEG-008,TFP,urhobo_isoko_cdc,swamp,2026-03-01,14,34,2,-783.8,0,15914,4,False,6.04,False
SEG-008,TFP,urhobo_isoko_cdc,swamp,2026-04-01,15,34,3,-796.1,0,15914,4,False,6.04,False
SEG-008,TFP,urhobo_isoko_cdc,swamp,2026-05-01,16,34,3,-828.5,0,15914,4,False,6.04,False
SEG-008,TFP,urhobo_isoko_cdc,swamp,2026-06-01,17,34,3,-815.4,0,15914,4,False,6.04,False
SEG-008,TFP,urhobo_isoko_cdc,swamp,2026-07-01,18,34,1,-806.3,0,15914,4,False,6.04,False
SEG-008,TFP,urhobo_isoko_cdc,swamp,2026-08-01,19,34,1,-803.8,0,15914,4,False,6.04,False
SEG-008,TFP,urhobo_isoko_cdc,swamp,2026-09-01,20,34,2,-799.0,0,15914,4,False,6.04,False
SEG-008,TFP,urhobo_isoko_cdc,swamp,2026-10-01,21,34,2,-804.9,0,15914,4,False,6.04,False
SEG-008,TFP,urhobo_isoko_cdc,swamp,2026-11-01,22,34,2,-817.0,0,15914,4,False,6.04,False
SEG-008,TFP,urhobo_isoko_cdc,swamp,2026-12-01,23,34,3,-810.1,0,15914,4,False,6.04,False
SEG-009,TFP,urhobo_isoko_cdc,swamp,2025-01-01,0,55,2,-1026.6,0,20907,5,True,6.37,False
SEG-009,TFP,urhobo_isoko_cdc,swamp,2025-02-01,1,55,2,-1021.1,1,20907,5,True,6.37,True
SEG-009,TFP,urhobo_isoko_cdc,swamp,2025-03-01,2,55,2,-1001.1,1,20907,5,True,6.37,False
SEG-009,TFP,urhobo_isoko_cdc,swamp,2025-04-01,3,55,2,-991.9,1,20907,5,True,6.37,False
SEG-009,TFP,urhobo_isoko_cdc,swamp,2025-05-01,4,55,3,-980.5,1,20907,5,True,6.37,False
SEG-009,TFP,urhobo_isoko_cdc,swamp,2025-06-01,5,55,4,-987.0,2,20907,5,True,6.37,True
SEG-009,TFP,urhobo_isoko_cdc,swamp,2025-07-01,6,55,1,-997.4,2,20907,5,True,6.37,False
SEG-009,TFP,urhobo_isoko_cdc,swamp,2025-08-01,7,55,3,-972.8,2,20907,5,True,6.37,False
SEG-009,TFP,urhobo_isoko_cdc,swamp,2025-09-01,8,55,3,-955.6,2,20907,5,True,6.37,False
SEG-009,TFP,urhobo_isoko_cdc,swamp,2025-10-01,9,55,4,-929.8,2,20907,5,True,6.37,False
SEG-009,TFP,urhobo_isoko_cdc,swamp,2025-11-01,10,55,4,-917.9,2,20907,5,True,6.37,False
SEG-009,TFP,urhobo_isoko_cdc,swamp,2025-12-01,11,55,4,-919.7,2,20907,5,True,6.37,False
SEG-009,TFP,urhobo_isoko_cdc,swamp,2026-01-01,12,55,2,-899.2,2,20907,5,True,6.37,False
SEG-009,TFP,urhobo_isoko_cdc,swamp,2026-02-01,13,55,2,-906.0,2,20907,5,True,6.37,False
SEG-009,TFP,urhobo_isoko_cdc,swamp,2026-03-01,14,55,2,-902.9,2,20907,5,True,6.37,False
SEG-009,TFP,urhobo_isoko_cdc,swamp,2026-04-01,15,55,3,-896.8,2,20907,5,True,6.37,False
SEG-009,TFP,urhobo_isoko_cdc,swamp,2026-05-01,16,55,4,-916.0,2,20907,5,True,6.37,False
SEG-009,TFP,urhobo_isoko_cdc,swamp,2026-06-01,17,55,4,-911.0,2,20907,5,True,6.37,False
SEG-009,TFP,urhobo_isoko_cdc,swamp,2026-07-01,18,55,1,-901.8,2,20907,5,True,6.37,False
SEG-009,TFP,urhobo_isoko_cdc,swamp,2026-08-01,19,55,1,-913.9,2,20907,5,True,6.37,False
SEG-009,TFP,urhobo_isoko_cdc,swamp,2026-09-01,20,55,1,-882.6,2,20907,5,True,6.37,False
SEG-009,TFP,urhobo_isoko_cdc,swamp,2026-10-01,21,55,1,-885.5,2,20907,5,True,6.37,False
SEG-009,TFP,urhobo_isoko_cdc,swamp,2026-11-01,22,55,1,-870.9,2,20907,5,True,6.37,False
SEG-009,TFP,urhobo_isoko_cdc,swamp,2026-12-01,23,55,2,-882.3,2,20907,5,True,6.37,False
SEG-010,TFP,urhobo_isoko_cdc,swamp,2025-01-01,0,21,1,-927.6,0,13442,3,False,7.55,False
SEG-010,TFP,urhobo_isoko_cdc,swamp,2025-02-01,1,21,4,-937.8,0,13442,3,False,7.55,False
SEG-010,TFP,urhobo_isoko_cdc,swamp,2025-03-01,2,21,4,-921.1,0,13442,3,False,7.55,False
SEG-010,TFP,urhobo_isoko_cdc,swamp,2025-04-01,3,21,5,-905.9,0,13442,3,False,7.55,False
SEG-010,TFP,urhobo_isoko_cdc,swamp,2025-05-01,4,21,7,-894.5,0,13442,3,False,7.55,False
SEG-010,TFP,urhobo_isoko_cdc,swamp,2025-06-01,5,21,7,-867.7,0,13442,3,False,7.55,False
SEG-010,TFP,urhobo_isoko_cdc,swamp,2025-07-01,6,21,0,-872.9,0,13442,3,False,7.55,False
SEG-010,TFP,urhobo_isoko_cdc,swamp,2025-08-01,7,21,0,-895.4,0,13442,3,False,7.55,False
SEG-010,TFP,urhobo_isoko_cdc,swamp,2025-09-01,8,21,0,-892.3,0,13442,3,False,7.55,False
SEG-010,TFP,urhobo_isoko_cdc,swamp,2025-10-01,9,21,0,-895.8,0,13442,3,False,7.55,False
SEG-010,TFP,urhobo_isoko_cdc,swamp,2025-11-01,10,21,0,-893.3,0,13442,3,False,7.55,False
SEG-010,TFP,urhobo_isoko_cdc,swamp,2025-12-01,11,21,1,-881.7,0,13442,3,False,7.55,False
SEG-010,TFP,urhobo_isoko_cdc,swamp,2026-01-01,12,21,0,-876.1,0,13442,3,False,7.55,False
SEG-010,TFP,urhobo_isoko_cdc,swamp,2026-02-01,13,21,1,-877.1,0,13442,3,False,7.55,False
SEG-010,TFP,urhobo_isoko_cdc,swamp,2026-03-01,14,21,1,-857.8,0,13442,3,False,7.55,False
SEG-010,TFP,urhobo_isoko_cdc,swamp,2026-04-01,15,21,1,-875.0,0,13442,3,False,7.55,False
SEG-010,TFP,urhobo_isoko_cdc,swamp,2026-05-01,16,21,1,-872.4,0,13442,3,False,7.55,False
SEG-010,TFP,urhobo_isoko_cdc,swamp,2026-06-01,17,21,2,-869.4,0,13442,3,False,7.55,False
SEG-010,TFP,urhobo_isoko_cdc,swamp,2026-07-01,18,21,1,-870.6,0,13442,3,False,7.55,False
SEG-010,TFP,urhobo_isoko_cdc,swamp,2026-08-01,19,21,3,-866.1,0,13442,3,False,7.55,False
SEG-010,TFP,urhobo_isoko_cdc,swamp,2026-09-01,20,21,3,-884.2,0,13442,3,False,7.55,False
SEG-010,TFP,urhobo_isoko_cdc,swamp,2026-10-01,21,21,4,-865.0,0,13442,3,False,7.55,False
SEG-010,TFP,urhobo_isoko_cdc,swamp,2026-11-01,22,21,4,-854.2,0,13442,3,False,7.55,False
SEG-010,TFP,urhobo_isoko_cdc,swamp,2026-12-01,23,21,4,-854.1,0,13442,3,False,7.55,False
SEG-011,TFP,urhobo_isoko_cdc,swamp,2025-01-01,0,57,2,-810.8,0,19076,6,True,1.27,False
SEG-011,TFP,urhobo_isoko_cdc,swamp,2025-02-01,1,57,2,-825.2,0,19076,6,True,1.27,False
SEG-011,TFP,urhobo_isoko_cdc,swamp,2025-03-01,2,57,3,-841.9,0,19076,6,True,1.27,False
SEG-011,TFP,urhobo_isoko_cdc,swamp,2025-04-01,3,57,4,-828.6,0,19076,6,True,1.27,False
SEG-011,TFP,urhobo_isoko_cdc,swamp,2025-05-01,4,57,5,-826.9,0,19076,6,True,1.27,False
SEG-011,TFP,urhobo_isoko_cdc,swamp,2025-06-01,5,57,5,-849.1,0,19076,6,True,1.27,False
SEG-011,TFP,urhobo_isoko_cdc,swamp,2025-07-01,6,57,2,-824.1,0,19076,6,True,1.27,False
SEG-011,TFP,urhobo_isoko_cdc,swamp,2025-08-01,7,57,2,-804.3,0,19076,6,True,1.27,False
SEG-011,TFP,urhobo_isoko_cdc,swamp,2025-09-01,8,57,3,-802.8,0,19076,6,True,1.27,False
SEG-011,TFP,urhobo_isoko_cdc,swamp,2025-10-01,9,57,3,-811.4,0,19076,6,True,1.27,False
SEG-011,TFP,urhobo_isoko_cdc,swamp,2025-11-01,10,57,3,-813.1,0,19076,6,True,1.27,False
SEG-011,TFP,urhobo_isoko_cdc,swamp,2025-12-01,11,57,5,-812.2,0,19076,6,True,1.27,False
SEG-011,TFP,urhobo_isoko_cdc,swamp,2026-01-01,12,57,2,-802.6,0,19076,6,True,1.27,False
SEG-011,TFP,urhobo_isoko_cdc,swamp,2026-02-01,13,57,4,-812.8,0,19076,6,True,1.27,False
SEG-011,TFP,urhobo_isoko_cdc,swamp,2026-03-01,14,57,5,-815.0,0,19076,6,True,1.27,False
SEG-011,TFP,urhobo_isoko_cdc,swamp,2026-04-01,15,57,5,-798.6,0,19076,6,True,1.27,False
SEG-011,TFP,urhobo_isoko_cdc,swamp,2026-05-01,16,57,6,-800.2,0,19076,6,True,1.27,False
SEG-011,TFP,urhobo_isoko_cdc,swamp,2026-06-01,17,57,6,-806.9,0,19076,6,True,1.27,False
SEG-011,TFP,urhobo_isoko_cdc,swamp,2026-07-01,18,57,2,-796.3,0,19076,6,True,1.27,False
SEG-011,TFP,urhobo_isoko_cdc,swamp,2026-08-01,19,57,3,-771.5,0,19076,6,True,1.27,False
SEG-011,TFP,urhobo_isoko_cdc,swamp,2026-09-01,20,57,4,-760.2,0,19076,6,True,1.27,False
SEG-011,TFP,urhobo_isoko_cdc,swamp,2026-10-01,21,57,4,-743.8,0,19076,6,True,1.27,False
SEG-011,TFP,urhobo_isoko_cdc,swamp,2026-11-01,22,57,5,-770.2,0,19076,6,True,1.27,False
SEG-011,TFP,urhobo_isoko_cdc,swamp,2026-12-01,23,57,5,-775.1,0,19076,6,True,1.27,False
SEG-012,TFP,urhobo_isoko_cdc,swamp,2025-01-01,0,18,1,-877.8,1,14944,4,True,2.52,True
SEG-012,TFP,urhobo_isoko_cdc,swamp,2025-02-01,1,18,1,-864.9,1,14944,4,True,2.52,False
SEG-012,TFP,urhobo_isoko_cdc,swamp,2025-03-01,2,18,1,-887.0,1,14944,4,True,2.52,False
SEG-012,TFP,urhobo_isoko_cdc,swamp,2025-04-01,3,18,1,-872.1,1,14944,4,True,2.52,False
SEG-012,TFP,urhobo_isoko_cdc,swamp,2025-05-01,4,18,1,-883.6,1,14944,4,True,2.52,False
SEG-012,TFP,urhobo_isoko_cdc,swamp,2025-06-01,5,18,1,-896.5,1,14944,4,True,2.52,False
SEG-012,TFP,urhobo_isoko_cdc,swamp,2025-07-01,6,18,1,-909.9,1,14944,4,True,2.52,False
SEG-012,TFP,urhobo_isoko_cdc,swamp,2025-08-01,7,18,2,-916.9,1,14944,4,True,2.52,False
SEG-012,TFP,urhobo_isoko_cdc,swamp,2025-09-01,8,18,2,-918.0,1,14944,4,True,2.52,False
SEG-012,TFP,urhobo_isoko_cdc,swamp,2025-10-01,9,18,3,-909.8,1,14944,4,True,2.52,False
SEG-012,TFP,urhobo_isoko_cdc,swamp,2025-11-01,10,18,3,-912.4,1,14944,4,True,2.52,False
SEG-012,TFP,urhobo_isoko_cdc,swamp,2025-12-01,11,18,5,-919.9,1,14944,4,True,2.52,False
SEG-012,TFP,urhobo_isoko_cdc,swamp,2026-01-01,12,18,2,-898.6,1,14944,4,True,2.52,False
SEG-012,TFP,urhobo_isoko_cdc,swamp,2026-02-01,13,18,2,-893.9,1,14944,4,True,2.52,False
SEG-012,TFP,urhobo_isoko_cdc,swamp,2026-03-01,14,18,4,-889.6,1,14944,4,True,2.52,False
SEG-012,TFP,urhobo_isoko_cdc,swamp,2026-04-01,15,18,4,-880.3,1,14944,4,True,2.52,False
SEG-012,TFP,urhobo_isoko_cdc,swamp,2026-05-01,16,18,6,-861.3,1,14944,4,True,2.52,False
SEG-012,TFP,urhobo_isoko_cdc,swamp,2026-06-01,17,18,6,-860.1,1,14944,4,True,2.52,False
SEG-012,TFP,urhobo_isoko_cdc,swamp,2026-07-01,18,18,1,-856.7,1,14944,4,True,2.52,False
SEG-012,TFP,urhobo_isoko_cdc,swamp,2026-08-01,19,18,1,-872.3,1,14944,4,True,2.52,False
SEG-012,TFP,urhobo_isoko_cdc,swamp,2026-09-01,20,18,3,-873.8,1,14944,4,True,2.52,False
SEG-012,TFP,urhobo_isoko_cdc,swamp,2026-10-01,21,18,4,-867.5,1,14944,4,True,2.52,False
SEG-012,TFP,urhobo_isoko_cdc,swamp,2026-11-01,22,18,5,-864.4,1,14944,4,True,2.52,False
SEG-012,TFP,urhobo_isoko_cdc,swamp,2026-12-01,23,18,6,-860.8,1,14944,4,True,2.52,False
SEG-013,TFP,urhobo_isoko_cdc,swamp,2025-01-01,0,60,2,-966.0,0,13555,5,True,4.16,False
SEG-013,TFP,urhobo_isoko_cdc,swamp,2025-02-01,1,60,4,-963.0,0,13555,5,True,4.16,False
SEG-013,TFP,urhobo_isoko_cdc,swamp,2025-03-01,2,60,4,-1000.0,0,13555,5,True,4.16,False
SEG-013,TFP,urhobo_isoko_cdc,swamp,2025-04-01,3,60,4,-992.6,0,13555,5,True,4.16,False
SEG-013,TFP,urhobo_isoko_cdc,swamp,2025-05-01,4,60,4,-991.2,0,13555,5,True,4.16,False
SEG-013,TFP,urhobo_isoko_cdc,swamp,2025-06-01,5,60,4,-998.3,0,13555,5,True,4.16,False
SEG-013,TFP,urhobo_isoko_cdc,swamp,2025-07-01,6,60,1,-987.2,1,13555,5,True,4.16,True
SEG-013,TFP,urhobo_isoko_cdc,swamp,2025-08-01,7,60,1,-982.2,1,13555,5,True,4.16,False
SEG-013,TFP,urhobo_isoko_cdc,swamp,2025-09-01,8,60,1,-997.5,1,13555,5,True,4.16,False
SEG-013,TFP,urhobo_isoko_cdc,swamp,2025-10-01,9,60,1,-978.4,1,13555,5,True,4.16,False
SEG-013,TFP,urhobo_isoko_cdc,swamp,2025-11-01,10,60,1,-980.1,1,13555,5,True,4.16,False
SEG-013,TFP,urhobo_isoko_cdc,swamp,2025-12-01,11,60,2,-963.9,1,13555,5,True,4.16,False
SEG-013,TFP,urhobo_isoko_cdc,swamp,2026-01-01,12,60,1,-970.5,1,13555,5,True,4.16,False
SEG-013,TFP,urhobo_isoko_cdc,swamp,2026-02-01,13,60,2,-981.8,1,13555,5,True,4.16,False
SEG-013,TFP,urhobo_isoko_cdc,swamp,2026-03-01,14,60,2,-970.7,1,13555,5,True,4.16,False
SEG-013,TFP,urhobo_isoko_cdc,swamp,2026-04-01,15,60,2,-945.2,1,13555,5,True,4.16,False
SEG-013,TFP,urhobo_isoko_cdc,swamp,2026-05-01,16,60,5,-957.1,1,13555,5,True,4.16,False
SEG-013,TFP,urhobo_isoko_cdc,swamp,2026-06-01,17,60,6,-963.6,1,13555,5,True,4.16,False
SEG-013,TFP,urhobo_isoko_cdc,swamp,2026-07-01,18,60,2,-972.2,1,13555,5,True,4.16,False
SEG-013,TFP,urhobo_isoko_cdc,swamp,2026-08-01,19,60,4,-982.3,1,13555,5,True,4.16,False
SEG-013,TFP,urhobo_isoko_cdc,swamp,2026-09-01,20,60,5,-956.6,1,13555,5,True,4.16,False
SEG-013,TFP,urhobo_isoko_cdc,swamp,2026-10-01,21,60,6,-965.3,1,13555,5,True,4.16,False
SEG-013,TFP,urhobo_isoko_cdc,swamp,2026-11-01,22,60,6,-988.0,1,13555,5,True,4.16,False
SEG-013,TFP,urhobo_isoko_cdc,swamp,2026-12-01,23,60,7,-973.1,1,13555,5,True,4.16,False
SEG-014,TFP,urhobo_isoko_cdc,swamp,2025-01-01,0,31,2,-851.0,0,14865,4,True,3.83,False
SEG-014,TFP,urhobo_isoko_cdc,swamp,2025-02-01,1,31,2,-836.2,0,14865,4,True,3.83,False
SEG-014,TFP,urhobo_isoko_cdc,swamp,2025-03-01,2,31,2,-835.3,0,14865,4,True,3.83,False
SEG-014,TFP,urhobo_isoko_cdc,swamp,2025-04-01,3,31,2,-843.8,0,14865,4,True,3.83,False
SEG-014,TFP,urhobo_isoko_cdc,swamp,2025-05-01,4,31,3,-837.1,0,14865,4,True,3.83,False
SEG-014,TFP,urhobo_isoko_cdc,swamp,2025-06-01,5,31,3,-847.9,0,14865,4,True,3.83,False
SEG-014,TFP,urhobo_isoko_cdc,swamp,2025-07-01,6,31,1,-839.6,0,14865,4,True,3.83,False
SEG-014,TFP,urhobo_isoko_cdc,swamp,2025-08-01,7,31,3,-868.7,0,14865,4,True,3.83,False
SEG-014,TFP,urhobo_isoko_cdc,swamp,2025-09-01,8,31,3,-878.8,0,14865,4,True,3.83,False
SEG-014,TFP,urhobo_isoko_cdc,swamp,2025-10-01,9,31,4,-873.4,0,14865,4,True,3.83,False
SEG-014,TFP,urhobo_isoko_cdc,swamp,2025-11-01,10,31,5,-857.5,0,14865,4,True,3.83,False
SEG-014,TFP,urhobo_isoko_cdc,swamp,2025-12-01,11,31,5,-850.3,0,14865,4,True,3.83,False
SEG-014,TFP,urhobo_isoko_cdc,swamp,2026-01-01,12,31,3,-843.4,0,14865,4,True,3.83,False
SEG-014,TFP,urhobo_isoko_cdc,swamp,2026-02-01,13,31,3,-859.7,0,14865,4,True,3.83,False
SEG-014,TFP,urhobo_isoko_cdc,swamp,2026-03-01,14,31,3,-843.2,0,14865,4,True,3.83,False
SEG-014,TFP,urhobo_isoko_cdc,swamp,2026-04-01,15,31,4,-832.5,0,14865,4,True,3.83,False
SEG-014,TFP,urhobo_isoko_cdc,swamp,2026-05-01,16,31,5,-850.0,0,14865,4,True,3.83,False
SEG-014,TFP,urhobo_isoko_cdc,swamp,2026-06-01,17,31,5,-865.8,0,14865,4,True,3.83,False
SEG-014,TFP,urhobo_isoko_cdc,swamp,2026-07-01,18,31,2,-871.0,0,14865,4,True,3.83,False
SEG-014,TFP,urhobo_isoko_cdc,swamp,2026-08-01,19,31,3,-877.3,0,14865,4,True,3.83,False
SEG-014,TFP,urhobo_isoko_cdc,swamp,2026-09-01,20,31,4,-871.9,0,14865,4,True,3.83,False
SEG-014,TFP,urhobo_isoko_cdc,swamp,2026-10-01,21,31,4,-870.9,0,14865,4,True,3.83,False
SEG-014,TFP,urhobo_isoko_cdc,swamp,2026-11-01,22,31,4,-881.1,0,14865,4,True,3.83,False
SEG-014,TFP,urhobo_isoko_cdc,swamp,2026-12-01,23,31,5,-870.1,0,14865,4,True,3.83,False
SEG-015,TNP,ogoni_traditional,upland,2025-01-01,0,49,1,-873.5,0,10522,4,True,5.13,False
SEG-015,TNP,ogoni_traditional,upland,2025-02-01,1,49,1,-885.9,0,10522,4,True,5.13,False
SEG-015,TNP,ogoni_traditional,upland,2025-03-01,2,49,2,-875.0,0,10522,4,True,5.13,False
SEG-015,TNP,ogoni_traditional,upland,2025-04-01,3,49,2,-872.3,0,10522,4,True,5.13,False
SEG-015,TNP,ogoni_traditional,upland,2025-05-01,4,49,2,-887.6,0,10522,4,True,5.13,False
SEG-015,TNP,ogoni_traditional,upland,2025-06-01,5,49,2,-880.9,0,10522,4,True,5.13,False
SEG-015,TNP,ogoni_traditional,upland,2025-07-01,6,49,2,-886.4,0,10522,4,True,5.13,False
SEG-015,TNP,ogoni_traditional,upland,2025-08-01,7,49,2,-866.0,0,10522,4,True,5.13,False
SEG-015,TNP,ogoni_traditional,upland,2025-09-01,8,49,2,-868.6,0,10522,4,True,5.13,False
SEG-015,TNP,ogoni_traditional,upland,2025-10-01,9,49,2,-863.0,0,10522,4,True,5.13,False
SEG-015,TNP,ogoni_traditional,upland,2025-11-01,10,49,3,-867.1,0,10522,4,True,5.13,False
SEG-015,TNP,ogoni_traditional,upland,2025-12-01,11,49,3,-869.8,0,10522,4,True,5.13,False
SEG-015,TNP,ogoni_traditional,upland,2026-01-01,12,49,4,-866.3,0,10522,4,True,5.13,False
SEG-015,TNP,ogoni_traditional,upland,2026-02-01,13,49,4,-850.2,0,10522,4,True,5.13,False
SEG-015,TNP,ogoni_traditional,upland,2026-03-01,14,49,5,-864.6,0,10522,4,True,5.13,False
SEG-015,TNP,ogoni_traditional,upland,2026-04-01,15,49,5,-865.6,0,10522,4,True,5.13,False
SEG-015,TNP,ogoni_traditional,upland,2026-05-01,16,49,5,-868.7,0,10522,4,True,5.13,False
SEG-015,TNP,ogoni_traditional,upland,2026-06-01,17,49,5,-873.6,0,10522,4,True,5.13,False
SEG-015,TNP,ogoni_traditional,upland,2026-07-01,18,49,2,-895.3,0,10522,4,True,5.13,False
SEG-015,TNP,ogoni_traditional,upland,2026-08-01,19,49,2,-894.9,0,10522,4,True,5.13,False
SEG-015,TNP,ogoni_traditional,upland,2026-09-01,20,49,2,-924.7,0,10522,4,True,5.13,False
SEG-015,TNP,ogoni_traditional,upland,2026-10-01,21,49,2,-948.2,0,10522,4,True,5.13,False
SEG-015,TNP,ogoni_traditional,upland,2026-11-01,22,49,2,-914.1,0,10522,4,True,5.13,False
SEG-015,TNP,ogoni_traditional,upland,2026-12-01,23,49,2,-906.7,0,10522,4,True,5.13,False
SEG-016,TNP,ogoni_traditional,upland,2025-01-01,0,57,2,-842.5,0,7036,4,False,4.1,False
SEG-016,TNP,ogoni_traditional,upland,2025-02-01,1,57,2,-834.5,0,7036,4,False,4.1,False
SEG-016,TNP,ogoni_traditional,upland,2025-03-01,2,57,3,-848.0,0,7036,4,False,4.1,False
SEG-016,TNP,ogoni_traditional,upland,2025-04-01,3,57,3,-855.6,0,7036,4,False,4.1,False
SEG-016,TNP,ogoni_traditional,upland,2025-05-01,4,57,3,-852.2,0,7036,4,False,4.1,False
SEG-016,TNP,ogoni_traditional,upland,2025-06-01,5,57,3,-838.6,0,7036,4,False,4.1,False
SEG-016,TNP,ogoni_traditional,upland,2025-07-01,6,57,3,-855.4,0,7036,4,False,4.1,False
SEG-016,TNP,ogoni_traditional,upland,2025-08-01,7,57,3,-839.3,0,7036,4,False,4.1,False
SEG-016,TNP,ogoni_traditional,upland,2025-09-01,8,57,3,-868.5,0,7036,4,False,4.1,False
SEG-016,TNP,ogoni_traditional,upland,2025-10-01,9,57,3,-887.6,0,7036,4,False,4.1,False
SEG-016,TNP,ogoni_traditional,upland,2025-11-01,10,57,3,-884.9,0,7036,4,False,4.1,False
SEG-016,TNP,ogoni_traditional,upland,2025-12-01,11,57,3,-874.2,0,7036,4,False,4.1,False
SEG-016,TNP,ogoni_traditional,upland,2026-01-01,12,57,2,-867.9,0,7036,4,False,4.1,False
SEG-016,TNP,ogoni_traditional,upland,2026-02-01,13,57,2,-869.3,0,7036,4,False,4.1,False
SEG-016,TNP,ogoni_traditional,upland,2026-03-01,14,57,3,-888.6,0,7036,4,False,4.1,False
SEG-016,TNP,ogoni_traditional,upland,2026-04-01,15,57,4,-878.9,0,7036,4,False,4.1,False
SEG-016,TNP,ogoni_traditional,upland,2026-05-01,16,57,4,-905.9,0,7036,4,False,4.1,False
SEG-016,TNP,ogoni_traditional,upland,2026-06-01,17,57,5,-910.5,0,7036,4,False,4.1,False
SEG-016,TNP,ogoni_traditional,upland,2026-07-01,18,57,1,-922.2,0,7036,4,False,4.1,False
SEG-016,TNP,ogoni_traditional,upland,2026-08-01,19,57,1,-915.0,0,7036,4,False,4.1,False
SEG-016,TNP,ogoni_traditional,upland,2026-09-01,20,57,2,-887.2,0,7036,4,False,4.1,False
SEG-016,TNP,ogoni_traditional,upland,2026-10-01,21,57,2,-883.7,0,7036,4,False,4.1,False
SEG-016,TNP,ogoni_traditional,upland,2026-11-01,22,57,2,-875.5,0,7036,4,False,4.1,False
SEG-016,TNP,ogoni_traditional,upland,2026-12-01,23,57,2,-889.5,0,7036,4,False,4.1,False
SEG-017,TNP,ogoni_traditional,upland,2025-01-01,0,52,3,-1079.2,0,8060,4,True,4.64,False
SEG-017,TNP,ogoni_traditional,upland,2025-02-01,1,52,4,-1059.2,0,8060,4,True,4.64,False
SEG-017,TNP,ogoni_traditional,upland,2025-03-01,2,52,5,-1069.8,0,8060,4,True,4.64,False
SEG-017,TNP,ogoni_traditional,upland,2025-04-01,3,52,6,-1079.0,0,8060,4,True,4.64,False
SEG-017,TNP,ogoni_traditional,upland,2025-05-01,4,52,6,-1054.6,1,8060,4,True,4.64,True
SEG-017,TNP,ogoni_traditional,upland,2025-06-01,5,52,7,-1062.3,1,8060,4,True,4.64,False
SEG-017,TNP,ogoni_traditional,upland,2025-07-01,6,52,1,-1072.7,1,8060,4,True,4.64,False
SEG-017,TNP,ogoni_traditional,upland,2025-08-01,7,52,3,-1072.9,1,8060,4,True,4.64,False
SEG-017,TNP,ogoni_traditional,upland,2025-09-01,8,52,3,-1066.3,1,8060,4,True,4.64,False
SEG-017,TNP,ogoni_traditional,upland,2025-10-01,9,52,3,-1079.8,1,8060,4,True,4.64,False
SEG-017,TNP,ogoni_traditional,upland,2025-11-01,10,52,3,-1103.9,1,8060,4,True,4.64,False
SEG-017,TNP,ogoni_traditional,upland,2025-12-01,11,52,4,-1099.0,1,8060,4,True,4.64,False
SEG-017,TNP,ogoni_traditional,upland,2026-01-01,12,52,2,-1080.6,1,8060,4,True,4.64,False
SEG-017,TNP,ogoni_traditional,upland,2026-02-01,13,52,2,-1093.4,1,8060,4,True,4.64,False
SEG-017,TNP,ogoni_traditional,upland,2026-03-01,14,52,2,-1078.1,1,8060,4,True,4.64,False
SEG-017,TNP,ogoni_traditional,upland,2026-04-01,15,52,3,-1070.9,1,8060,4,True,4.64,False
SEG-017,TNP,ogoni_traditional,upland,2026-05-01,16,52,3,-1088.6,1,8060,4,True,4.64,False
SEG-017,TNP,ogoni_traditional,upland,2026-06-01,17,52,3,-1081.6,1,8060,4,True,4.64,False
SEG-017,TNP,ogoni_traditional,upland,2026-07-01,18,52,2,-1087.9,1,8060,4,True,4.64,False
SEG-017,TNP,ogoni_traditional,upland,2026-08-01,19,52,3,-1093.1,1,8060,4,True,4.64,False
SEG-017,TNP,ogoni_traditional,upland,2026-09-01,20,52,3,-1114.1,1,8060,4,True,4.64,False
SEG-017,TNP,ogoni_traditional,upland,2026-10-01,21,52,3,-1139.6,1,8060,4,True,4.64,False
SEG-017,TNP,ogoni_traditional,upland,2026-11-01,22,52,3,-1129.3,1,8060,4,True,4.64,False
SEG-017,TNP,ogoni_traditional,upland,2026-12-01,23,52,3,-1153.7,1,8060,4,True,4.64,False
SEG-018,TNP,ogoni_traditional,upland,2025-01-01,0,37,1,-871.5,0,7753,4,True,4.25,False
SEG-018,TNP,ogoni_traditional,upland,2025-02-01,1,37,2,-872.7,0,7753,4,True,4.25,False
SEG-018,TNP,ogoni_traditional,upland,2025-03-01,2,37,3,-856.2,0,7753,4,True,4.25,False
SEG-018,TNP,ogoni_traditional,upland,2025-04-01,3,37,3,-858.0,0,7753,4,True,4.25,False
SEG-018,TNP,ogoni_traditional,upland,2025-05-01,4,37,3,-860.6,0,7753,4,True,4.25,False
SEG-018,TNP,ogoni_traditional,upland,2025-06-01,5,37,3,-869.7,0,7753,4,True,4.25,False
SEG-018,TNP,ogoni_traditional,upland,2025-07-01,6,37,4,-874.3,0,7753,4,True,4.25,False
SEG-018,TNP,ogoni_traditional,upland,2025-08-01,7,37,4,-888.8,0,7753,4,True,4.25,False
SEG-018,TNP,ogoni_traditional,upland,2025-09-01,8,37,4,-877.4,0,7753,4,True,4.25,False
SEG-018,TNP,ogoni_traditional,upland,2025-10-01,9,37,5,-861.0,0,7753,4,True,4.25,False
SEG-018,TNP,ogoni_traditional,upland,2025-11-01,10,37,6,-866.3,0,7753,4,True,4.25,False
SEG-018,TNP,ogoni_traditional,upland,2025-12-01,11,37,6,-841.7,0,7753,4,True,4.25,False
SEG-018,TNP,ogoni_traditional,upland,2026-01-01,12,37,1,-837.6,0,7753,4,True,4.25,False
SEG-018,TNP,ogoni_traditional,upland,2026-02-01,13,37,1,-829.6,0,7753,4,True,4.25,False
SEG-018,TNP,ogoni_traditional,upland,2026-03-01,14,37,1,-813.8,0,7753,4,True,4.25,False
SEG-018,TNP,ogoni_traditional,upland,2026-04-01,15,37,1,-802.6,0,7753,4,True,4.25,False
SEG-018,TNP,ogoni_traditional,upland,2026-05-01,16,37,1,-781.6,0,7753,4,True,4.25,False
SEG-018,TNP,ogoni_traditional,upland,2026-06-01,17,37,2,-788.2,0,7753,4,True,4.25,False
SEG-018,TNP,ogoni_traditional,upland,2026-07-01,18,37,1,-775.6,0,7753,4,True,4.25,False
SEG-018,TNP,ogoni_traditional,upland,2026-08-01,19,37,3,-775.1,0,7753,4,True,4.25,False
SEG-018,TNP,ogoni_traditional,upland,2026-09-01,20,37,3,-774.7,0,7753,4,True,4.25,False
SEG-018,TNP,ogoni_traditional,upland,2026-10-01,21,37,3,-779.4,0,7753,4,True,4.25,False
SEG-018,TNP,ogoni_traditional,upland,2026-11-01,22,37,4,-774.7,0,7753,4,True,4.25,False
SEG-018,TNP,ogoni_traditional,upland,2026-12-01,23,37,4,-778.2,0,7753,4,True,4.25,False
SEG-019,TNP,ogoni_traditional,upland,2025-01-01,0,50,1,-762.6,0,13926,6,True,4.57,False
SEG-019,TNP,ogoni_traditional,upland,2025-02-01,1,50,1,-748.9,0,13926,6,True,4.57,False
SEG-019,TNP,ogoni_traditional,upland,2025-03-01,2,50,1,-750.1,0,13926,6,True,4.57,False
SEG-019,TNP,ogoni_traditional,upland,2025-04-01,3,50,1,-759.1,0,13926,6,True,4.57,False
SEG-019,TNP,ogoni_traditional,upland,2025-05-01,4,50,1,-752.5,0,13926,6,True,4.57,False
SEG-019,TNP,ogoni_traditional,upland,2025-06-01,5,50,1,-760.5,0,13926,6,True,4.57,False
SEG-019,TNP,ogoni_traditional,upland,2025-07-01,6,50,1,-755.8,0,13926,6,True,4.57,False
SEG-019,TNP,ogoni_traditional,upland,2025-08-01,7,50,2,-765.5,0,13926,6,True,4.57,False
SEG-019,TNP,ogoni_traditional,upland,2025-09-01,8,50,2,-749.2,0,13926,6,True,4.57,False
SEG-019,TNP,ogoni_traditional,upland,2025-10-01,9,50,2,-738.1,0,13926,6,True,4.57,False
SEG-019,TNP,ogoni_traditional,upland,2025-11-01,10,50,2,-741.2,0,13926,6,True,4.57,False
SEG-019,TNP,ogoni_traditional,upland,2025-12-01,11,50,3,-734.0,0,13926,6,True,4.57,False
SEG-019,TNP,ogoni_traditional,upland,2026-01-01,12,50,2,-744.0,0,13926,6,True,4.57,False
SEG-019,TNP,ogoni_traditional,upland,2026-02-01,13,50,2,-765.1,0,13926,6,True,4.57,False
SEG-019,TNP,ogoni_traditional,upland,2026-03-01,14,50,2,-786.5,0,13926,6,True,4.57,False
SEG-019,TNP,ogoni_traditional,upland,2026-04-01,15,50,3,-791.4,0,13926,6,True,4.57,False
SEG-019,TNP,ogoni_traditional,upland,2026-05-01,16,50,3,-802.2,1,13926,6,True,4.57,True
SEG-019,TNP,ogoni_traditional,upland,2026-06-01,17,50,3,-776.8,1,13926,6,True,4.57,False
SEG-019,TNP,ogoni_traditional,upland,2026-07-01,18,50,2,-770.1,1,13926,6,True,4.57,False
SEG-019,TNP,ogoni_traditional,upland,2026-08-01,19,50,2,-746.6,1,13926,6,True,4.57,False
SEG-019,TNP,ogoni_traditional,upland,2026-09-01,20,50,2,-763.6,1,13926,6,True,4.57,False
SEG-019,TNP,ogoni_traditional,upland,2026-10-01,21,50,4,-759.0,1,13926,6,True,4.57,False
SEG-019,TNP,ogoni_traditional,upland,2026-11-01,22,50,4,-758.9,1,13926,6,True,4.57,False
SEG-019,TNP,ogoni_traditional,upland,2026-12-01,23,50,4,-751.2,1,13926,6,True,4.57,False
SEG-020,TNP,ogoni_traditional,upland,2025-01-01,0,10,2,-906.9,0,13683,4,False,2.29,False
SEG-020,TNP,ogoni_traditional,upland,2025-02-01,1,10,2,-918.5,0,13683,4,False,2.29,False
SEG-020,TNP,ogoni_traditional,upland,2025-03-01,2,10,2,-921.4,1,13683,4,False,2.29,True
SEG-020,TNP,ogoni_traditional,upland,2025-04-01,3,10,2,-926.8,1,13683,4,False,2.29,False
SEG-020,TNP,ogoni_traditional,upland,2025-05-01,4,10,2,-913.0,1,13683,4,False,2.29,False
SEG-020,TNP,ogoni_traditional,upland,2025-06-01,5,10,2,-904.5,1,13683,4,False,2.29,False
SEG-020,TNP,ogoni_traditional,upland,2025-07-01,6,10,1,-912.9,2,13683,4,False,2.29,True
SEG-020,TNP,ogoni_traditional,upland,2025-08-01,7,10,1,-901.8,2,13683,4,False,2.29,False
SEG-020,TNP,ogoni_traditional,upland,2025-09-01,8,10,1,-923.1,2,13683,4,False,2.29,False
SEG-020,TNP,ogoni_traditional,upland,2025-10-01,9,10,1,-910.8,2,13683,4,False,2.29,False
SEG-020,TNP,ogoni_traditional,upland,2025-11-01,10,10,1,-893.6,3,13683,4,False,2.29,True
SEG-020,TNP,ogoni_traditional,upland,2025-12-01,11,10,1,-897.4,3,13683,4,False,2.29,False
SEG-020,TNP,ogoni_traditional,upland,2026-01-01,12,10,2,-890.8,3,13683,4,False,2.29,False
SEG-020,TNP,ogoni_traditional,upland,2026-02-01,13,10,2,-884.5,3,13683,4,False,2.29,False
SEG-020,TNP,ogoni_traditional,upland,2026-03-01,14,10,2,-893.6,3,13683,4,False,2.29,False
SEG-020,TNP,ogoni_traditional,upland,2026-04-01,15,10,2,-866.8,3,13683,4,False,2.29,False
SEG-020,TNP,ogoni_traditional,upland,2026-05-01,16,10,2,-848.8,3,13683,4,False,2.29,False
SEG-020,TNP,ogoni_traditional,upland,2026-06-01,17,10,3,-853.4,3,13683,4,False,2.29,False
SEG-020,TNP,ogoni_traditional,upland,2026-07-01,18,10,5,-857.1,3,13683,4,False,2.29,False
SEG-020,TNP,ogoni_traditional,upland,2026-08-01,19,10,6,-862.1,3,13683,4,False,2.29,False
SEG-020,TNP,ogoni_traditional,upland,2026-09-01,20,10,6,-871.4,3,13683,4,False,2.29,False
SEG-020,TNP,ogoni_traditional,upland,2026-10-01,21,10,6,-852.6,3,13683,4,False,2.29,False
SEG-020,TNP,ogoni_traditional,upland,2026-11-01,22,10,6,-854.5,3,13683,4,False,2.29,False
SEG-020,TNP,ogoni_traditional,upland,2026-12-01,23,10,6,-881.9,3,13683,4,False,2.29,False
SEG-021,TNP,ogoni_traditional,upland,2025-01-01,0,27,1,-904.7,0,9450,5,False,7.63,False
SEG-021,TNP,ogoni_traditional,upland,2025-02-01,1,27,1,-909.4,0,9450,5,False,7.63,False
SEG-021,TNP,ogoni_traditional,upland,2025-03-01,2,27,3,-909.9,0,9450,5,False,7.63,False
SEG-021,TNP,ogoni_traditional,upland,2025-04-01,3,27,3,-913.9,0,9450,5,False,7.63,False
SEG-021,TNP,ogoni_traditional,upland,2025-05-01,4,27,4,-882.8,0,9450,5,False,7.63,False
SEG-021,TNP,ogoni_traditional,upland,2025-06-01,5,27,5,-880.5,0,9450,5,False,7.63,False
SEG-021,TNP,ogoni_traditional,upland,2025-07-01,6,27,1,-881.4,0,9450,5,False,7.63,False
SEG-021,TNP,ogoni_traditional,upland,2025-08-01,7,27,1,-847.5,0,9450,5,False,7.63,False
SEG-021,TNP,ogoni_traditional,upland,2025-09-01,8,27,2,-844.4,0,9450,5,False,7.63,False
SEG-021,TNP,ogoni_traditional,upland,2025-10-01,9,27,3,-852.9,0,9450,5,False,7.63,False
SEG-021,TNP,ogoni_traditional,upland,2025-11-01,10,27,3,-841.4,0,9450,5,False,7.63,False
SEG-021,TNP,ogoni_traditional,upland,2025-12-01,11,27,3,-828.7,0,9450,5,False,7.63,False
SEG-021,TNP,ogoni_traditional,upland,2026-01-01,12,27,3,-837.8,0,9450,5,False,7.63,False
SEG-021,TNP,ogoni_traditional,upland,2026-02-01,13,27,3,-827.4,0,9450,5,False,7.63,False
SEG-021,TNP,ogoni_traditional,upland,2026-03-01,14,27,4,-813.4,0,9450,5,False,7.63,False
SEG-021,TNP,ogoni_traditional,upland,2026-04-01,15,27,4,-825.4,0,9450,5,False,7.63,False
SEG-021,TNP,ogoni_traditional,upland,2026-05-01,16,27,5,-833.1,0,9450,5,False,7.63,False
SEG-021,TNP,ogoni_traditional,upland,2026-06-01,17,27,6,-839.3,0,9450,5,False,7.63,False
SEG-021,TNP,ogoni_traditional,upland,2026-07-01,18,27,1,-857.5,0,9450,5,False,7.63,False
SEG-021,TNP,ogoni_traditional,upland,2026-08-01,19,27,1,-873.8,0,9450,5,False,7.63,False
SEG-021,TNP,ogoni_traditional,upland,2026-09-01,20,27,1,-875.9,0,9450,5,False,7.63,False
SEG-021,TNP,ogoni_traditional,upland,2026-10-01,21,27,1,-866.2,0,9450,5,False,7.63,False
SEG-021,TNP,ogoni_traditional,upland,2026-11-01,22,27,1,-863.1,0,9450,5,False,7.63,False
SEG-021,TNP,ogoni_traditional,upland,2026-12-01,23,27,1,-880.5,0,9450,5,False,7.63,False
SEG-022,TNP,ogoni_traditional,upland,2025-01-01,0,19,2,-883.7,0,8838,4,False,2.9,False
SEG-022,TNP,ogoni_traditional,upland,2025-02-01,1,19,4,-852.8,0,8838,4,False,2.9,False
SEG-022,TNP,ogoni_traditional,upland,2025-03-01,2,19,4,-846.0,0,8838,4,False,2.9,False
SEG-022,TNP,ogoni_traditional,upland,2025-04-01,3,19,5,-848.8,0,8838,4,False,2.9,False
SEG-022,TNP,ogoni_traditional,upland,2025-05-01,4,19,5,-846.5,0,8838,4,False,2.9,False
SEG-022,TNP,ogoni_traditional,upland,2025-06-01,5,19,6,-856.8,0,8838,4,False,2.9,False
SEG-022,TNP,ogoni_traditional,upland,2025-07-01,6,19,1,-884.8,0,8838,4,False,2.9,False
SEG-022,TNP,ogoni_traditional,upland,2025-08-01,7,19,2,-906.4,0,8838,4,False,2.9,False
SEG-022,TNP,ogoni_traditional,upland,2025-09-01,8,19,3,-875.4,1,8838,4,False,2.9,True
SEG-022,TNP,ogoni_traditional,upland,2025-10-01,9,19,3,-877.6,1,8838,4,False,2.9,False
SEG-022,TNP,ogoni_traditional,upland,2025-11-01,10,19,4,-854.6,1,8838,4,False,2.9,False
SEG-022,TNP,ogoni_traditional,upland,2025-12-01,11,19,4,-838.2,1,8838,4,False,2.9,False
SEG-022,TNP,ogoni_traditional,upland,2026-01-01,12,19,1,-808.3,1,8838,4,False,2.9,False
SEG-022,TNP,ogoni_traditional,upland,2026-02-01,13,19,1,-812.2,1,8838,4,False,2.9,False
SEG-022,TNP,ogoni_traditional,upland,2026-03-01,14,19,1,-811.2,1,8838,4,False,2.9,False
SEG-022,TNP,ogoni_traditional,upland,2026-04-01,15,19,2,-820.9,2,8838,4,False,2.9,True
SEG-022,TNP,ogoni_traditional,upland,2026-05-01,16,19,2,-822.7,2,8838,4,False,2.9,False
SEG-022,TNP,ogoni_traditional,upland,2026-06-01,17,19,2,-808.4,2,8838,4,False,2.9,False
SEG-022,TNP,ogoni_traditional,upland,2026-07-01,18,19,2,-835.8,2,8838,4,False,2.9,False
SEG-022,TNP,ogoni_traditional,upland,2026-08-01,19,19,2,-830.6,2,8838,4,False,2.9,False
SEG-022,TNP,ogoni_traditional,upland,2026-09-01,20,19,2,-825.5,2,8838,4,False,2.9,False
SEG-022,TNP,ogoni_traditional,upland,2026-10-01,21,19,2,-827.8,2,8838,4,False,2.9,False
SEG-022,TNP,ogoni_traditional,upland,2026-11-01,22,19,2,-831.8,2,8838,4,False,2.9,False
SEG-022,TNP,ogoni_traditional,upland,2026-12-01,23,19,4,-811.7,2,8838,4,False,2.9,False
SEG-023,TNP,ogoni_traditional,upland,2025-01-01,0,26,2,-838.3,0,9452,5,False,7.21,False
SEG-023,TNP,ogoni_traditional,upland,2025-02-01,1,26,2,-844.1,0,9452,5,False,7.21,False
SEG-023,TNP,ogoni_traditional,upland,2025-03-01,2,26,4,-839.6,0,9452,5,False,7.21,False
SEG-023,TNP,ogoni_traditional,upland,2025-04-01,3,26,4,-842.7,0,9452,5,False,7.21,False
SEG-023,TNP,ogoni_traditional,upland,2025-05-01,4,26,4,-892.4,0,9452,5,False,7.21,False
SEG-023,TNP,ogoni_traditional,upland,2025-06-01,5,26,6,-889.0,0,9452,5,False,7.21,False
SEG-023,TNP,ogoni_traditional,upland,2025-07-01,6,26,1,-874.7,0,9452,5,False,7.21,False
SEG-023,TNP,ogoni_traditional,upland,2025-08-01,7,26,1,-896.7,0,9452,5,False,7.21,False
SEG-023,TNP,ogoni_traditional,upland,2025-09-01,8,26,1,-891.2,0,9452,5,False,7.21,False
SEG-023,TNP,ogoni_traditional,upland,2025-10-01,9,26,2,-880.2,0,9452,5,False,7.21,False
SEG-023,TNP,ogoni_traditional,upland,2025-11-01,10,26,2,-900.0,0,9452,5,False,7.21,False
SEG-023,TNP,ogoni_traditional,upland,2025-12-01,11,26,2,-903.4,0,9452,5,False,7.21,False
SEG-023,TNP,ogoni_traditional,upland,2026-01-01,12,26,1,-898.8,0,9452,5,False,7.21,False
SEG-023,TNP,ogoni_traditional,upland,2026-02-01,13,26,1,-902.5,0,9452,5,False,7.21,False
SEG-023,TNP,ogoni_traditional,upland,2026-03-01,14,26,2,-930.7,0,9452,5,False,7.21,False
SEG-023,TNP,ogoni_traditional,upland,2026-04-01,15,26,2,-928.1,0,9452,5,False,7.21,False
SEG-023,TNP,ogoni_traditional,upland,2026-05-01,16,26,2,-914.3,0,9452,5,False,7.21,False
SEG-023,TNP,ogoni_traditional,upland,2026-06-01,17,26,3,-938.2,0,9452,5,False,7.21,False
SEG-023,TNP,ogoni_traditional,upland,2026-07-01,18,26,3,-960.1,0,9452,5,False,7.21,False
SEG-023,TNP,ogoni_traditional,upland,2026-08-01,19,26,4,-933.1,1,9452,5,False,7.21,True
SEG-023,TNP,ogoni_traditional,upland,2026-09-01,20,26,4,-937.7,1,9452,5,False,7.21,False
SEG-023,TNP,ogoni_traditional,upland,2026-10-01,21,26,4,-930.0,1,9452,5,False,7.21,False
SEG-023,TNP,ogoni_traditional,upland,2026-11-01,22,26,4,-909.3,1,9452,5,False,7.21,False
SEG-023,TNP,ogoni_traditional,upland,2026-12-01,23,26,5,-916.6,1,9452,5,False,7.21,False
SEG-024,TNP,ogoni_traditional,upland,2025-01-01,0,47,2,-1069.5,0,10132,6,True,1.66,False
SEG-024,TNP,ogoni_traditional,upland,2025-02-01,1,47,3,-1075.2,0,10132,6,True,1.66,False
SEG-024,TNP,ogoni_traditional,upland,2025-03-01,2,47,3,-1062.1,0,10132,6,True,1.66,False
SEG-024,TNP,ogoni_traditional,upland,2025-04-01,3,47,3,-1084.3,0,10132,6,True,1.66,False
SEG-024,TNP,ogoni_traditional,upland,2025-05-01,4,47,3,-1094.9,0,10132,6,True,1.66,False
SEG-024,TNP,ogoni_traditional,upland,2025-06-01,5,47,3,-1084.1,0,10132,6,True,1.66,False
SEG-024,TNP,ogoni_traditional,upland,2025-07-01,6,47,2,-1074.7,0,10132,6,True,1.66,False
SEG-024,TNP,ogoni_traditional,upland,2025-08-01,7,47,2,-1044.8,0,10132,6,True,1.66,False
SEG-024,TNP,ogoni_traditional,upland,2025-09-01,8,47,2,-1055.3,0,10132,6,True,1.66,False
SEG-024,TNP,ogoni_traditional,upland,2025-10-01,9,47,3,-1077.6,0,10132,6,True,1.66,False
SEG-024,TNP,ogoni_traditional,upland,2025-11-01,10,47,3,-1075.6,0,10132,6,True,1.66,False
SEG-024,TNP,ogoni_traditional,upland,2025-12-01,11,47,4,-1067.8,0,10132,6,True,1.66,False
SEG-024,TNP,ogoni_traditional,upland,2026-01-01,12,47,2,-1057.4,0,10132,6,True,1.66,False
SEG-024,TNP,ogoni_traditional,upland,2026-02-01,13,47,3,-1052.0,0,10132,6,True,1.66,False
SEG-024,TNP,ogoni_traditional,upland,2026-03-01,14,47,4,-1042.6,0,10132,6,True,1.66,False
SEG-024,TNP,ogoni_traditional,upland,2026-04-01,15,47,6,-1056.7,0,10132,6,True,1.66,False
SEG-024,TNP,ogoni_traditional,upland,2026-05-01,16,47,7,-1065.4,0,10132,6,True,1.66,False
SEG-024,TNP,ogoni_traditional,upland,2026-06-01,17,47,7,-1051.5,0,10132,6,True,1.66,False
SEG-024,TNP,ogoni_traditional,upland,2026-07-01,18,47,1,-1040.3,0,10132,6,True,1.66,False
SEG-024,TNP,ogoni_traditional,upland,2026-08-01,19,47,1,-1049.6,0,10132,6,True,1.66,False
SEG-024,TNP,ogoni_traditional,upland,2026-09-01,20,47,1,-1031.3,0,10132,6,True,1.66,False
SEG-024,TNP,ogoni_traditional,upland,2026-10-01,21,47,1,-1065.7,0,10132,6,True,1.66,False
SEG-024,TNP,ogoni_traditional,upland,2026-11-01,22,47,3,-1055.9,0,10132,6,True,1.66,False
SEG-024,TNP,ogoni_traditional,upland,2026-12-01,23,47,4,-1065.5,0,10132,6,True,1.66,False
SEG-025,TNP,ogoni_traditional,upland,2025-01-01,0,35,2,-926.2,0,7922,6,False,6.75,False
SEG-025,TNP,ogoni_traditional,upland,2025-02-01,1,35,2,-923.0,0,7922,6,False,6.75,False
SEG-025,TNP,ogoni_traditional,upland,2025-03-01,2,35,2,-888.9,0,7922,6,False,6.75,False
SEG-025,TNP,ogoni_traditional,upland,2025-04-01,3,35,3,-890.3,0,7922,6,False,6.75,False
SEG-025,TNP,ogoni_traditional,upland,2025-05-01,4,35,3,-890.8,0,7922,6,False,6.75,False
SEG-025,TNP,ogoni_traditional,upland,2025-06-01,5,35,3,-898.9,0,7922,6,False,6.75,False
SEG-025,TNP,ogoni_traditional,upland,2025-07-01,6,35,1,-896.0,0,7922,6,False,6.75,False
SEG-025,TNP,ogoni_traditional,upland,2025-08-01,7,35,1,-897.1,0,7922,6,False,6.75,False
SEG-025,TNP,ogoni_traditional,upland,2025-09-01,8,35,2,-889.8,0,7922,6,False,6.75,False
SEG-025,TNP,ogoni_traditional,upland,2025-10-01,9,35,2,-879.5,0,7922,6,False,6.75,False
SEG-025,TNP,ogoni_traditional,upland,2025-11-01,10,35,3,-860.5,0,7922,6,False,6.75,False
SEG-025,TNP,ogoni_traditional,upland,2025-12-01,11,35,3,-835.7,0,7922,6,False,6.75,False
SEG-025,TNP,ogoni_traditional,upland,2026-01-01,12,35,2,-811.7,0,7922,6,False,6.75,False
SEG-025,TNP,ogoni_traditional,upland,2026-02-01,13,35,2,-814.6,0,7922,6,False,6.75,False
SEG-025,TNP,ogoni_traditional,upland,2026-03-01,14,35,2,-785.1,0,7922,6,False,6.75,False
SEG-025,TNP,ogoni_traditional,upland,2026-04-01,15,35,2,-762.8,0,7922,6,False,6.75,False
SEG-025,TNP,ogoni_traditional,upland,2026-05-01,16,35,2,-775.6,0,7922,6,False,6.75,False
SEG-025,TNP,ogoni_traditional,upland,2026-06-01,17,35,2,-787.1,0,7922,6,False,6.75,False
SEG-025,TNP,ogoni_traditional,upland,2026-07-01,18,35,1,-797.4,0,7922,6,False,6.75,False
SEG-025,TNP,ogoni_traditional,upland,2026-08-01,19,35,1,-783.0,0,7922,6,False,6.75,False
SEG-025,TNP,ogoni_traditional,upland,2026-09-01,20,35,1,-797.2,0,7922,6,False,6.75,False
SEG-025,TNP,ogoni_traditional,upland,2026-10-01,21,35,1,-791.1,0,7922,6,False,6.75,False
SEG-025,TNP,ogoni_traditional,upland,2026-11-01,22,35,2,-795.4,0,7922,6,False,6.75,False
SEG-025,TNP,ogoni_traditional,upland,2026-12-01,23,35,5,-803.0,0,7922,6,False,6.75,False
SEG-026,TNP,ogoni_traditional,upland,2025-01-01,0,15,0,-1026.0,0,6906,2,True,5.72,False
SEG-026,TNP,ogoni_traditional,upland,2025-02-01,1,15,0,-1042.0,1,6906,2,True,5.72,True
SEG-026,TNP,ogoni_traditional,upland,2025-03-01,2,15,0,-1051.0,1,6906,2,True,5.72,False
SEG-026,TNP,ogoni_traditional,upland,2025-04-01,3,15,0,-1059.8,1,6906,2,True,5.72,False
SEG-026,TNP,ogoni_traditional,upland,2025-05-01,4,15,0,-1084.0,1,6906,2,True,5.72,False
SEG-026,TNP,ogoni_traditional,upland,2025-06-01,5,15,0,-1090.9,1,6906,2,True,5.72,False
SEG-026,TNP,ogoni_traditional,upland,2025-07-01,6,15,0,-1110.2,1,6906,2,True,5.72,False
SEG-026,TNP,ogoni_traditional,upland,2025-08-01,7,15,0,-1123.7,1,6906,2,True,5.72,False
SEG-026,TNP,ogoni_traditional,upland,2025-09-01,8,15,1,-1129.2,1,6906,2,True,5.72,False
SEG-026,TNP,ogoni_traditional,upland,2025-10-01,9,15,1,-1119.8,2,6906,2,True,5.72,True
SEG-026,TNP,ogoni_traditional,upland,2025-11-01,10,15,2,-1121.8,2,6906,2,True,5.72,False
SEG-026,TNP,ogoni_traditional,upland,2025-12-01,11,15,3,-1120.7,2,6906,2,True,5.72,False
SEG-026,TNP,ogoni_traditional,upland,2026-01-01,12,15,1,-1141.6,2,6906,2,True,5.72,False
SEG-026,TNP,ogoni_traditional,upland,2026-02-01,13,15,1,-1151.7,2,6906,2,True,5.72,False
SEG-026,TNP,ogoni_traditional,upland,2026-03-01,14,15,1,-1149.7,2,6906,2,True,5.72,False
SEG-026,TNP,ogoni_traditional,upland,2026-04-01,15,15,1,-1162.3,2,6906,2,True,5.72,False
SEG-026,TNP,ogoni_traditional,upland,2026-05-01,16,15,1,-1175.5,2,6906,2,True,5.72,False
SEG-026,TNP,ogoni_traditional,upland,2026-06-01,17,15,2,-1170.5,2,6906,2,True,5.72,False
SEG-026,TNP,ogoni_traditional,upland,2026-07-01,18,15,0,-1170.6,2,6906,2,True,5.72,False
SEG-026,TNP,ogoni_traditional,upland,2026-08-01,19,15,1,-1182.3,2,6906,2,True,5.72,False
SEG-026,TNP,ogoni_traditional,upland,2026-09-01,20,15,1,-1179.8,2,6906,2,True,5.72,False
SEG-026,TNP,ogoni_traditional,upland,2026-10-01,21,15,1,-1195.8,2,6906,2,True,5.72,False
SEG-026,TNP,ogoni_traditional,upland,2026-11-01,22,15,1,-1200.0,2,6906,2,True,5.72,False
SEG-026,TNP,ogoni_traditional,upland,2026-12-01,23,15,1,-1200.0,2,6906,2,True,5.72,False
SEG-027,TNP,ogoni_traditional,upland,2025-01-01,0,19,2,-761.3,0,7102,2,True,5.56,False
SEG-027,TNP,ogoni_traditional,upland,2025-02-01,1,19,2,-757.6,0,7102,2,True,5.56,False
SEG-027,TNP,ogoni_traditional,upland,2025-03-01,2,19,3,-735.9,0,7102,2,True,5.56,False
SEG-027,TNP,ogoni_traditional,upland,2025-04-01,3,19,4,-721.7,0,7102,2,True,5.56,False
SEG-027,TNP,ogoni_traditional,upland,2025-05-01,4,19,4,-731.9,0,7102,2,True,5.56,False
SEG-027,TNP,ogoni_traditional,upland,2025-06-01,5,19,4,-718.1,0,7102,2,True,5.56,False
SEG-027,TNP,ogoni_traditional,upland,2025-07-01,6,19,1,-712.6,0,7102,2,True,5.56,False
SEG-027,TNP,ogoni_traditional,upland,2025-08-01,7,19,1,-701.3,0,7102,2,True,5.56,False
SEG-027,TNP,ogoni_traditional,upland,2025-09-01,8,19,1,-726.0,0,7102,2,True,5.56,False
SEG-027,TNP,ogoni_traditional,upland,2025-10-01,9,19,1,-716.4,0,7102,2,True,5.56,False
SEG-027,TNP,ogoni_traditional,upland,2025-11-01,10,19,1,-711.6,0,7102,2,True,5.56,False
SEG-027,TNP,ogoni_traditional,upland,2025-12-01,11,19,1,-736.8,0,7102,2,True,5.56,False
SEG-027,TNP,ogoni_traditional,upland,2026-01-01,12,19,1,-740.0,0,7102,2,True,5.56,False
SEG-027,TNP,ogoni_traditional,upland,2026-02-01,13,19,2,-758.6,0,7102,2,True,5.56,False
SEG-027,TNP,ogoni_traditional,upland,2026-03-01,14,19,2,-758.7,0,7102,2,True,5.56,False
SEG-027,TNP,ogoni_traditional,upland,2026-04-01,15,19,3,-772.0,0,7102,2,True,5.56,False
SEG-027,TNP,ogoni_traditional,upland,2026-05-01,16,19,3,-771.3,0,7102,2,True,5.56,False
SEG-027,TNP,ogoni_traditional,upland,2026-06-01,17,19,4,-771.0,0,7102,2,True,5.56,False
SEG-027,TNP,ogoni_traditional,upland,2026-07-01,18,19,0,-786.8,0,7102,2,True,5.56,False
SEG-027,TNP,ogoni_traditional,upland,2026-08-01,19,19,1,-747.6,0,7102,2,True,5.56,False
SEG-027,TNP,ogoni_traditional,upland,2026-09-01,20,19,1,-731.8,0,7102,2,True,5.56,False
SEG-027,TNP,ogoni_traditional,upland,2026-10-01,21,19,1,-755.0,0,7102,2,True,5.56,False
SEG-027,TNP,ogoni_traditional,upland,2026-11-01,22,19,2,-762.8,0,7102,2,True,5.56,False
SEG-027,TNP,ogoni_traditional,upland,2026-12-01,23,19,2,-737.3,0,7102,2,True,5.56,False
SEG-028,TNP,ogoni_traditional,upland,2025-01-01,0,14,4,-1030.2,0,8488,4,True,6.65,False
SEG-028,TNP,ogoni_traditional,upland,2025-02-01,1,14,4,-1046.9,0,8488,4,True,6.65,False
SEG-028,TNP,ogoni_traditional,upland,2025-03-01,2,14,4,-1059.6,0,8488,4,True,6.65,False
SEG-028,TNP,ogoni_traditional,upland,2025-04-01,3,14,5,-1077.9,0,8488,4,True,6.65,False
SEG-028,TNP,ogoni_traditional,upland,2025-05-01,4,14,6,-1074.6,0,8488,4,True,6.65,False
SEG-028,TNP,ogoni_traditional,upland,2025-06-01,5,14,6,-1087.3,0,8488,4,True,6.65,False
SEG-028,TNP,ogoni_traditional,upland,2025-07-01,6,14,1,-1092.0,0,8488,4,True,6.65,False
SEG-028,TNP,ogoni_traditional,upland,2025-08-01,7,14,1,-1074.6,0,8488,4,True,6.65,False
SEG-028,TNP,ogoni_traditional,upland,2025-09-01,8,14,1,-1116.1,0,8488,4,True,6.65,False
SEG-028,TNP,ogoni_traditional,upland,2025-10-01,9,14,2,-1133.4,0,8488,4,True,6.65,False
SEG-028,TNP,ogoni_traditional,upland,2025-11-01,10,14,3,-1136.5,0,8488,4,True,6.65,False
SEG-028,TNP,ogoni_traditional,upland,2025-12-01,11,14,3,-1131.0,0,8488,4,True,6.65,False
SEG-028,TNP,ogoni_traditional,upland,2026-01-01,12,14,1,-1123.4,0,8488,4,True,6.65,False
SEG-028,TNP,ogoni_traditional,upland,2026-02-01,13,14,1,-1127.5,0,8488,4,True,6.65,False
SEG-028,TNP,ogoni_traditional,upland,2026-03-01,14,14,1,-1134.3,0,8488,4,True,6.65,False
SEG-028,TNP,ogoni_traditional,upland,2026-04-01,15,14,2,-1116.5,0,8488,4,True,6.65,False
SEG-028,TNP,ogoni_traditional,upland,2026-05-01,16,14,2,-1122.5,0,8488,4,True,6.65,False
SEG-028,TNP,ogoni_traditional,upland,2026-06-01,17,14,2,-1125.6,0,8488,4,True,6.65,False
SEG-028,TNP,ogoni_traditional,upland,2026-07-01,18,14,2,-1135.9,0,8488,4,True,6.65,False
SEG-028,TNP,ogoni_traditional,upland,2026-08-01,19,14,2,-1134.1,0,8488,4,True,6.65,False
SEG-028,TNP,ogoni_traditional,upland,2026-09-01,20,14,4,-1137.7,0,8488,4,True,6.65,False
SEG-028,TNP,ogoni_traditional,upland,2026-10-01,21,14,4,-1139.6,0,8488,4,True,6.65,False
SEG-028,TNP,ogoni_traditional,upland,2026-11-01,22,14,4,-1109.4,0,8488,4,True,6.65,False
SEG-028,TNP,ogoni_traditional,upland,2026-12-01,23,14,7,-1114.2,0,8488,4,True,6.65,False
SEG-029,TNP,ogoni_traditional,upland,2025-01-01,0,43,3,-829.9,0,11280,4,False,7.22,False
SEG-029,TNP,ogoni_traditional,upland,2025-02-01,1,43,3,-830.4,0,11280,4,False,7.22,False
SEG-029,TNP,ogoni_traditional,upland,2025-03-01,2,43,5,-835.1,0,11280,4,False,7.22,False
SEG-029,TNP,ogoni_traditional,upland,2025-04-01,3,43,5,-854.0,0,11280,4,False,7.22,False
SEG-029,TNP,ogoni_traditional,upland,2025-05-01,4,43,6,-848.8,0,11280,4,False,7.22,False
SEG-029,TNP,ogoni_traditional,upland,2025-06-01,5,43,6,-850.2,0,11280,4,False,7.22,False
SEG-029,TNP,ogoni_traditional,upland,2025-07-01,6,43,3,-848.1,0,11280,4,False,7.22,False
SEG-029,TNP,ogoni_traditional,upland,2025-08-01,7,43,3,-861.2,0,11280,4,False,7.22,False
SEG-029,TNP,ogoni_traditional,upland,2025-09-01,8,43,3,-872.3,0,11280,4,False,7.22,False
SEG-029,TNP,ogoni_traditional,upland,2025-10-01,9,43,4,-896.4,0,11280,4,False,7.22,False
SEG-029,TNP,ogoni_traditional,upland,2025-11-01,10,43,6,-888.6,0,11280,4,False,7.22,False
SEG-029,TNP,ogoni_traditional,upland,2025-12-01,11,43,7,-911.1,0,11280,4,False,7.22,False
SEG-029,TNP,ogoni_traditional,upland,2026-01-01,12,43,2,-915.0,0,11280,4,False,7.22,False
SEG-029,TNP,ogoni_traditional,upland,2026-02-01,13,43,2,-907.5,0,11280,4,False,7.22,False
SEG-029,TNP,ogoni_traditional,upland,2026-03-01,14,43,3,-930.0,0,11280,4,False,7.22,False
SEG-029,TNP,ogoni_traditional,upland,2026-04-01,15,43,3,-926.3,0,11280,4,False,7.22,False
SEG-029,TNP,ogoni_traditional,upland,2026-05-01,16,43,3,-906.8,0,11280,4,False,7.22,False
SEG-029,TNP,ogoni_traditional,upland,2026-06-01,17,43,3,-885.8,0,11280,4,False,7.22,False
SEG-029,TNP,ogoni_traditional,upland,2026-07-01,18,43,4,-872.4,0,11280,4,False,7.22,False
SEG-029,TNP,ogoni_traditional,upland,2026-08-01,19,43,4,-911.6,0,11280,4,False,7.22,False
SEG-029,TNP,ogoni_traditional,upland,2026-09-01,20,43,4,-904.7,0,11280,4,False,7.22,False
SEG-029,TNP,ogoni_traditional,upland,2026-10-01,21,43,4,-897.7,0,11280,4,False,7.22,False
SEG-029,TNP,ogoni_traditional,upland,2026-11-01,22,43,4,-889.1,0,11280,4,False,7.22,False
SEG-029,TNP,ogoni_traditional,upland,2026-12-01,23,43,5,-859.5,0,11280,4,False,7.22,False
SEG-030,TNP,ogoni_traditional,upland,2025-01-01,0,21,1,-830.5,0,15222,2,True,6.15,False
SEG-030,TNP,ogoni_traditional,upland,2025-02-01,1,21,2,-818.6,0,15222,2,True,6.15,False
SEG-030,TNP,ogoni_traditional,upland,2025-03-01,2,21,2,-822.7,0,15222,2,True,6.15,False
SEG-030,TNP,ogoni_traditional,upland,2025-04-01,3,21,4,-805.7,0,15222,2,True,6.15,False
SEG-030,TNP,ogoni_traditional,upland,2025-05-01,4,21,4,-809.1,0,15222,2,True,6.15,False
SEG-030,TNP,ogoni_traditional,upland,2025-06-01,5,21,6,-784.8,0,15222,2,True,6.15,False
SEG-030,TNP,ogoni_traditional,upland,2025-07-01,6,21,1,-794.2,0,15222,2,True,6.15,False
SEG-030,TNP,ogoni_traditional,upland,2025-08-01,7,21,2,-783.7,0,15222,2,True,6.15,False
SEG-030,TNP,ogoni_traditional,upland,2025-09-01,8,21,2,-759.7,0,15222,2,True,6.15,False
SEG-030,TNP,ogoni_traditional,upland,2025-10-01,9,21,2,-767.7,0,15222,2,True,6.15,False
SEG-030,TNP,ogoni_traditional,upland,2025-11-01,10,21,2,-775.8,0,15222,2,True,6.15,False
SEG-030,TNP,ogoni_traditional,upland,2025-12-01,11,21,2,-779.0,0,15222,2,True,6.15,False
SEG-030,TNP,ogoni_traditional,upland,2026-01-01,12,21,1,-784.8,0,15222,2,True,6.15,False
SEG-030,TNP,ogoni_traditional,upland,2026-02-01,13,21,3,-790.4,0,15222,2,True,6.15,False
SEG-030,TNP,ogoni_traditional,upland,2026-03-01,14,21,3,-787.8,0,15222,2,True,6.15,False
SEG-030,TNP,ogoni_traditional,upland,2026-04-01,15,21,6,-805.8,0,15222,2,True,6.15,False
SEG-030,TNP,ogoni_traditional,upland,2026-05-01,16,21,6,-823.8,0,15222,2,True,6.15,False
SEG-030,TNP,ogoni_traditional,upland,2026-06-01,17,21,6,-846.0,0,15222,2,True,6.15,False
SEG-030,TNP,ogoni_traditional,upland,2026-07-01,18,21,0,-869.0,0,15222,2,True,6.15,False
SEG-030,TNP,ogoni_traditional,upland,2026-08-01,19,21,1,-872.5,0,15222,2,True,6.15,False
SEG-030,TNP,ogoni_traditional,upland,2026-09-01,20,21,1,-872.2,0,15222,2,True,6.15,False
SEG-030,TNP,ogoni_traditional,upland,2026-10-01,21,21,1,-864.8,0,15222,2,True,6.15,False
SEG-030,TNP,ogoni_traditional,upland,2026-11-01,22,21,1,-860.9,0,15222,2,True,6.15,False
SEG-030,TNP,ogoni_traditional,upland,2026-12-01,23,21,1,-867.8,0,15222,2,True,6.15,False
SEG-031,Riverine-Connectors,ijaw_wari,riverine,2025-01-01,0,30,2,-920.0,0,5358,5,True,7.03,False
SEG-031,Riverine-Connectors,ijaw_wari,riverine,2025-02-01,1,30,2,-919.1,0,5358,5,True,7.03,False
SEG-031,Riverine-Connectors,ijaw_wari,riverine,2025-03-01,2,30,2,-910.9,0,5358,5,True,7.03,False
SEG-031,Riverine-Connectors,ijaw_wari,riverine,2025-04-01,3,30,3,-902.8,0,5358,5,True,7.03,False
SEG-031,Riverine-Connectors,ijaw_wari,riverine,2025-05-01,4,30,3,-884.2,0,5358,5,True,7.03,False
SEG-031,Riverine-Connectors,ijaw_wari,riverine,2025-06-01,5,30,3,-900.4,0,5358,5,True,7.03,False
SEG-031,Riverine-Connectors,ijaw_wari,riverine,2025-07-01,6,30,2,-891.1,0,5358,5,True,7.03,False
SEG-031,Riverine-Connectors,ijaw_wari,riverine,2025-08-01,7,30,2,-913.5,0,5358,5,True,7.03,False
SEG-031,Riverine-Connectors,ijaw_wari,riverine,2025-09-01,8,30,2,-888.0,0,5358,5,True,7.03,False
SEG-031,Riverine-Connectors,ijaw_wari,riverine,2025-10-01,9,30,3,-876.8,0,5358,5,True,7.03,False
SEG-031,Riverine-Connectors,ijaw_wari,riverine,2025-11-01,10,30,4,-874.5,0,5358,5,True,7.03,False
SEG-031,Riverine-Connectors,ijaw_wari,riverine,2025-12-01,11,30,4,-878.7,0,5358,5,True,7.03,False
SEG-031,Riverine-Connectors,ijaw_wari,riverine,2026-01-01,12,30,1,-867.7,0,5358,5,True,7.03,False
SEG-031,Riverine-Connectors,ijaw_wari,riverine,2026-02-01,13,30,3,-889.1,0,5358,5,True,7.03,False
SEG-031,Riverine-Connectors,ijaw_wari,riverine,2026-03-01,14,30,3,-884.4,0,5358,5,True,7.03,False
SEG-031,Riverine-Connectors,ijaw_wari,riverine,2026-04-01,15,30,4,-860.5,0,5358,5,True,7.03,False
SEG-031,Riverine-Connectors,ijaw_wari,riverine,2026-05-01,16,30,4,-881.0,0,5358,5,True,7.03,False
SEG-031,Riverine-Connectors,ijaw_wari,riverine,2026-06-01,17,30,5,-889.8,0,5358,5,True,7.03,False
SEG-031,Riverine-Connectors,ijaw_wari,riverine,2026-07-01,18,30,1,-872.5,0,5358,5,True,7.03,False
SEG-031,Riverine-Connectors,ijaw_wari,riverine,2026-08-01,19,30,1,-856.9,0,5358,5,True,7.03,False
SEG-031,Riverine-Connectors,ijaw_wari,riverine,2026-09-01,20,30,2,-837.7,0,5358,5,True,7.03,False
SEG-031,Riverine-Connectors,ijaw_wari,riverine,2026-10-01,21,30,2,-845.7,0,5358,5,True,7.03,False
SEG-031,Riverine-Connectors,ijaw_wari,riverine,2026-11-01,22,30,2,-849.2,0,5358,5,True,7.03,False
SEG-031,Riverine-Connectors,ijaw_wari,riverine,2026-12-01,23,30,2,-864.3,0,5358,5,True,7.03,False
SEG-032,Riverine-Connectors,ijaw_wari,riverine,2025-01-01,0,23,1,-1064.8,0,5000,6,True,7.47,False
SEG-032,Riverine-Connectors,ijaw_wari,riverine,2025-02-01,1,23,1,-1073.1,1,5000,6,True,7.47,True
SEG-032,Riverine-Connectors,ijaw_wari,riverine,2025-03-01,2,23,1,-1052.0,2,5000,6,True,7.47,True
SEG-032,Riverine-Connectors,ijaw_wari,riverine,2025-04-01,3,23,2,-1056.9,2,5000,6,True,7.47,False
SEG-032,Riverine-Connectors,ijaw_wari,riverine,2025-05-01,4,23,3,-1065.8,2,5000,6,True,7.47,False
SEG-032,Riverine-Connectors,ijaw_wari,riverine,2025-06-01,5,23,3,-1088.2,2,5000,6,True,7.47,False
SEG-032,Riverine-Connectors,ijaw_wari,riverine,2025-07-01,6,23,3,-1078.7,2,5000,6,True,7.47,False
SEG-032,Riverine-Connectors,ijaw_wari,riverine,2025-08-01,7,23,3,-1093.8,2,5000,6,True,7.47,False
SEG-032,Riverine-Connectors,ijaw_wari,riverine,2025-09-01,8,23,3,-1069.1,2,5000,6,True,7.47,False
SEG-032,Riverine-Connectors,ijaw_wari,riverine,2025-10-01,9,23,3,-1086.0,2,5000,6,True,7.47,False
SEG-032,Riverine-Connectors,ijaw_wari,riverine,2025-11-01,10,23,3,-1066.3,2,5000,6,True,7.47,False
SEG-032,Riverine-Connectors,ijaw_wari,riverine,2025-12-01,11,23,3,-1059.5,2,5000,6,True,7.47,False
SEG-032,Riverine-Connectors,ijaw_wari,riverine,2026-01-01,12,23,3,-1067.0,2,5000,6,True,7.47,False
SEG-032,Riverine-Connectors,ijaw_wari,riverine,2026-02-01,13,23,3,-1063.6,2,5000,6,True,7.47,False
SEG-032,Riverine-Connectors,ijaw_wari,riverine,2026-03-01,14,23,3,-1070.9,2,5000,6,True,7.47,False
SEG-032,Riverine-Connectors,ijaw_wari,riverine,2026-04-01,15,23,3,-1073.2,2,5000,6,True,7.47,False
SEG-032,Riverine-Connectors,ijaw_wari,riverine,2026-05-01,16,23,4,-1053.5,2,5000,6,True,7.47,False
SEG-032,Riverine-Connectors,ijaw_wari,riverine,2026-06-01,17,23,5,-1044.0,2,5000,6,True,7.47,False
SEG-032,Riverine-Connectors,ijaw_wari,riverine,2026-07-01,18,23,1,-1057.9,2,5000,6,True,7.47,False
SEG-032,Riverine-Connectors,ijaw_wari,riverine,2026-08-01,19,23,2,-1051.0,2,5000,6,True,7.47,False
SEG-032,Riverine-Connectors,ijaw_wari,riverine,2026-09-01,20,23,2,-1047.2,2,5000,6,True,7.47,False
SEG-032,Riverine-Connectors,ijaw_wari,riverine,2026-10-01,21,23,3,-1038.2,2,5000,6,True,7.47,False
SEG-032,Riverine-Connectors,ijaw_wari,riverine,2026-11-01,22,23,3,-1046.3,2,5000,6,True,7.47,False
SEG-032,Riverine-Connectors,ijaw_wari,riverine,2026-12-01,23,23,4,-1034.5,2,5000,6,True,7.47,False
SEG-033,Riverine-Connectors,ijaw_wari,riverine,2025-01-01,0,50,2,-1074.7,0,5000,7,False,0.45,False
SEG-033,Riverine-Connectors,ijaw_wari,riverine,2025-02-01,1,50,3,-1060.9,0,5000,7,False,0.45,False
SEG-033,Riverine-Connectors,ijaw_wari,riverine,2025-03-01,2,50,3,-1045.7,0,5000,7,False,0.45,False
SEG-033,Riverine-Connectors,ijaw_wari,riverine,2025-04-01,3,50,4,-1041.3,0,5000,7,False,0.45,False
SEG-033,Riverine-Connectors,ijaw_wari,riverine,2025-05-01,4,50,4,-1047.8,0,5000,7,False,0.45,False
SEG-033,Riverine-Connectors,ijaw_wari,riverine,2025-06-01,5,50,4,-1015.1,0,5000,7,False,0.45,False
SEG-033,Riverine-Connectors,ijaw_wari,riverine,2025-07-01,6,50,3,-980.1,0,5000,7,False,0.45,False
SEG-033,Riverine-Connectors,ijaw_wari,riverine,2025-08-01,7,50,3,-975.4,0,5000,7,False,0.45,False
SEG-033,Riverine-Connectors,ijaw_wari,riverine,2025-09-01,8,50,3,-966.4,1,5000,7,False,0.45,True
SEG-033,Riverine-Connectors,ijaw_wari,riverine,2025-10-01,9,50,3,-1006.3,2,5000,7,False,0.45,True
SEG-033,Riverine-Connectors,ijaw_wari,riverine,2025-11-01,10,50,6,-997.2,2,5000,7,False,0.45,False
SEG-033,Riverine-Connectors,ijaw_wari,riverine,2025-12-01,11,50,7,-1008.2,2,5000,7,False,0.45,False
SEG-033,Riverine-Connectors,ijaw_wari,riverine,2026-01-01,12,50,2,-995.4,2,5000,7,False,0.45,False
SEG-033,Riverine-Connectors,ijaw_wari,riverine,2026-02-01,13,50,3,-1015.2,2,5000,7,False,0.45,False
SEG-033,Riverine-Connectors,ijaw_wari,riverine,2026-03-01,14,50,4,-1013.1,2,5000,7,False,0.45,False
SEG-033,Riverine-Connectors,ijaw_wari,riverine,2026-04-01,15,50,5,-993.4,2,5000,7,False,0.45,False
SEG-033,Riverine-Connectors,ijaw_wari,riverine,2026-05-01,16,50,5,-990.8,2,5000,7,False,0.45,False
SEG-033,Riverine-Connectors,ijaw_wari,riverine,2026-06-01,17,50,5,-985.5,3,5000,7,False,0.45,True
SEG-033,Riverine-Connectors,ijaw_wari,riverine,2026-07-01,18,50,2,-969.7,3,5000,7,False,0.45,False
SEG-033,Riverine-Connectors,ijaw_wari,riverine,2026-08-01,19,50,3,-983.9,3,5000,7,False,0.45,False
SEG-033,Riverine-Connectors,ijaw_wari,riverine,2026-09-01,20,50,4,-985.4,3,5000,7,False,0.45,False
SEG-033,Riverine-Connectors,ijaw_wari,riverine,2026-10-01,21,50,5,-979.7,3,5000,7,False,0.45,False
SEG-033,Riverine-Connectors,ijaw_wari,riverine,2026-11-01,22,50,5,-1017.8,3,5000,7,False,0.45,False
SEG-033,Riverine-Connectors,ijaw_wari,riverine,2026-12-01,23,50,5,-1035.0,3,5000,7,False,0.45,False
SEG-034,Riverine-Connectors,ijaw_wari,riverine,2025-01-01,0,59,5,-888.6,0,5000,5,False,0.95,False
SEG-034,Riverine-Connectors,ijaw_wari,riverine,2025-02-01,1,59,7,-905.5,0,5000,5,False,0.95,False
SEG-034,Riverine-Connectors,ijaw_wari,riverine,2025-03-01,2,59,7,-901.0,0,5000,5,False,0.95,False
SEG-034,Riverine-Connectors,ijaw_wari,riverine,2025-04-01,3,59,7,-928.9,0,5000,5,False,0.95,False
SEG-034,Riverine-Connectors,ijaw_wari,riverine,2025-05-01,4,59,7,-913.2,0,5000,5,False,0.95,False
SEG-034,Riverine-Connectors,ijaw_wari,riverine,2025-06-01,5,59,8,-927.2,1,5000,5,False,0.95,True
SEG-034,Riverine-Connectors,ijaw_wari,riverine,2025-07-01,6,59,1,-964.9,1,5000,5,False,0.95,False
SEG-034,Riverine-Connectors,ijaw_wari,riverine,2025-08-01,7,59,2,-957.2,1,5000,5,False,0.95,False
SEG-034,Riverine-Connectors,ijaw_wari,riverine,2025-09-01,8,59,3,-951.1,1,5000,5,False,0.95,False
SEG-034,Riverine-Connectors,ijaw_wari,riverine,2025-10-01,9,59,3,-942.0,1,5000,5,False,0.95,False
SEG-034,Riverine-Connectors,ijaw_wari,riverine,2025-11-01,10,59,3,-947.8,1,5000,5,False,0.95,False
SEG-034,Riverine-Connectors,ijaw_wari,riverine,2025-12-01,11,59,3,-986.1,1,5000,5,False,0.95,False
SEG-034,Riverine-Connectors,ijaw_wari,riverine,2026-01-01,12,59,2,-986.3,1,5000,5,False,0.95,False
SEG-034,Riverine-Connectors,ijaw_wari,riverine,2026-02-01,13,59,2,-971.3,1,5000,5,False,0.95,False
SEG-034,Riverine-Connectors,ijaw_wari,riverine,2026-03-01,14,59,2,-986.4,1,5000,5,False,0.95,False
SEG-034,Riverine-Connectors,ijaw_wari,riverine,2026-04-01,15,59,2,-989.8,1,5000,5,False,0.95,False
SEG-034,Riverine-Connectors,ijaw_wari,riverine,2026-05-01,16,59,3,-978.0,1,5000,5,False,0.95,False
SEG-034,Riverine-Connectors,ijaw_wari,riverine,2026-06-01,17,59,3,-977.9,1,5000,5,False,0.95,False
SEG-034,Riverine-Connectors,ijaw_wari,riverine,2026-07-01,18,59,2,-970.5,1,5000,5,False,0.95,False
SEG-034,Riverine-Connectors,ijaw_wari,riverine,2026-08-01,19,59,4,-978.6,1,5000,5,False,0.95,False
SEG-034,Riverine-Connectors,ijaw_wari,riverine,2026-09-01,20,59,4,-946.4,1,5000,5,False,0.95,False
SEG-034,Riverine-Connectors,ijaw_wari,riverine,2026-10-01,21,59,4,-937.1,1,5000,5,False,0.95,False
SEG-034,Riverine-Connectors,ijaw_wari,riverine,2026-11-01,22,59,5,-949.4,1,5000,5,False,0.95,False
SEG-034,Riverine-Connectors,ijaw_wari,riverine,2026-12-01,23,59,6,-961.1,1,5000,5,False,0.95,False
SEG-035,Riverine-Connectors,ijaw_wari,riverine,2025-01-01,0,29,1,-986.9,0,5432,5,False,2.11,False
SEG-035,Riverine-Connectors,ijaw_wari,riverine,2025-02-01,1,29,2,-973.8,0,5432,5,False,2.11,False
SEG-035,Riverine-Connectors,ijaw_wari,riverine,2025-03-01,2,29,5,-974.2,0,5432,5,False,2.11,False
SEG-035,Riverine-Connectors,ijaw_wari,riverine,2025-04-01,3,29,6,-979.8,1,5432,5,False,2.11,True
SEG-035,Riverine-Connectors,ijaw_wari,riverine,2025-05-01,4,29,6,-993.9,1,5432,5,False,2.11,False
SEG-035,Riverine-Connectors,ijaw_wari,riverine,2025-06-01,5,29,6,-982.8,1,5432,5,False,2.11,False
SEG-035,Riverine-Connectors,ijaw_wari,riverine,2025-07-01,6,29,2,-992.2,1,5432,5,False,2.11,False
SEG-035,Riverine-Connectors,ijaw_wari,riverine,2025-08-01,7,29,2,-988.0,1,5432,5,False,2.11,False
SEG-035,Riverine-Connectors,ijaw_wari,riverine,2025-09-01,8,29,3,-991.2,1,5432,5,False,2.11,False
SEG-035,Riverine-Connectors,ijaw_wari,riverine,2025-10-01,9,29,3,-977.0,1,5432,5,False,2.11,False
SEG-035,Riverine-Connectors,ijaw_wari,riverine,2025-11-01,10,29,3,-974.3,1,5432,5,False,2.11,False
SEG-035,Riverine-Connectors,ijaw_wari,riverine,2025-12-01,11,29,3,-947.5,1,5432,5,False,2.11,False
SEG-035,Riverine-Connectors,ijaw_wari,riverine,2026-01-01,12,29,3,-931.7,1,5432,5,False,2.11,False
SEG-035,Riverine-Connectors,ijaw_wari,riverine,2026-02-01,13,29,3,-931.1,1,5432,5,False,2.11,False
SEG-035,Riverine-Connectors,ijaw_wari,riverine,2026-03-01,14,29,3,-938.0,1,5432,5,False,2.11,False
SEG-035,Riverine-Connectors,ijaw_wari,riverine,2026-04-01,15,29,3,-939.8,1,5432,5,False,2.11,False
SEG-035,Riverine-Connectors,ijaw_wari,riverine,2026-05-01,16,29,3,-945.2,1,5432,5,False,2.11,False
SEG-035,Riverine-Connectors,ijaw_wari,riverine,2026-06-01,17,29,3,-978.3,1,5432,5,False,2.11,False
SEG-035,Riverine-Connectors,ijaw_wari,riverine,2026-07-01,18,29,1,-1013.1,1,5432,5,False,2.11,False
SEG-035,Riverine-Connectors,ijaw_wari,riverine,2026-08-01,19,29,2,-1021.3,1,5432,5,False,2.11,False
SEG-035,Riverine-Connectors,ijaw_wari,riverine,2026-09-01,20,29,3,-1005.2,1,5432,5,False,2.11,False
SEG-035,Riverine-Connectors,ijaw_wari,riverine,2026-10-01,21,29,5,-1000.1,1,5432,5,False,2.11,False
SEG-035,Riverine-Connectors,ijaw_wari,riverine,2026-11-01,22,29,7,-1003.6,1,5432,5,False,2.11,False
SEG-035,Riverine-Connectors,ijaw_wari,riverine,2026-12-01,23,29,7,-998.1,1,5432,5,False,2.11,False
SEG-036,Riverine-Connectors,ijaw_wari,riverine,2025-01-01,0,30,2,-783.9,1,5000,5,False,5.77,True
SEG-036,Riverine-Connectors,ijaw_wari,riverine,2025-02-01,1,30,3,-795.1,1,5000,5,False,5.77,False
SEG-036,Riverine-Connectors,ijaw_wari,riverine,2025-03-01,2,30,3,-791.3,1,5000,5,False,5.77,False
SEG-036,Riverine-Connectors,ijaw_wari,riverine,2025-04-01,3,30,5,-753.4,1,5000,5,False,5.77,False
SEG-036,Riverine-Connectors,ijaw_wari,riverine,2025-05-01,4,30,5,-756.4,1,5000,5,False,5.77,False
SEG-036,Riverine-Connectors,ijaw_wari,riverine,2025-06-01,5,30,5,-740.9,1,5000,5,False,5.77,False
SEG-036,Riverine-Connectors,ijaw_wari,riverine,2025-07-01,6,30,3,-741.5,1,5000,5,False,5.77,False
SEG-036,Riverine-Connectors,ijaw_wari,riverine,2025-08-01,7,30,3,-723.3,1,5000,5,False,5.77,False
SEG-036,Riverine-Connectors,ijaw_wari,riverine,2025-09-01,8,30,3,-708.0,1,5000,5,False,5.77,False
SEG-036,Riverine-Connectors,ijaw_wari,riverine,2025-10-01,9,30,3,-679.3,1,5000,5,False,5.77,False
SEG-036,Riverine-Connectors,ijaw_wari,riverine,2025-11-01,10,30,3,-656.4,1,5000,5,False,5.77,False
SEG-036,Riverine-Connectors,ijaw_wari,riverine,2025-12-01,11,30,3,-676.5,1,5000,5,False,5.77,False
SEG-036,Riverine-Connectors,ijaw_wari,riverine,2026-01-01,12,30,1,-676.6,1,5000,5,False,5.77,False
SEG-036,Riverine-Connectors,ijaw_wari,riverine,2026-02-01,13,30,1,-681.3,1,5000,5,False,5.77,False
SEG-036,Riverine-Connectors,ijaw_wari,riverine,2026-03-01,14,30,1,-702.5,1,5000,5,False,5.77,False
SEG-036,Riverine-Connectors,ijaw_wari,riverine,2026-04-01,15,30,1,-721.2,1,5000,5,False,5.77,False
SEG-036,Riverine-Connectors,ijaw_wari,riverine,2026-05-01,16,30,1,-717.7,1,5000,5,False,5.77,False
SEG-036,Riverine-Connectors,ijaw_wari,riverine,2026-06-01,17,30,1,-719.4,1,5000,5,False,5.77,False
SEG-036,Riverine-Connectors,ijaw_wari,riverine,2026-07-01,18,30,1,-701.9,1,5000,5,False,5.77,False
SEG-036,Riverine-Connectors,ijaw_wari,riverine,2026-08-01,19,30,3,-708.7,1,5000,5,False,5.77,False
SEG-036,Riverine-Connectors,ijaw_wari,riverine,2026-09-01,20,30,4,-706.0,1,5000,5,False,5.77,False
SEG-036,Riverine-Connectors,ijaw_wari,riverine,2026-10-01,21,30,4,-722.2,1,5000,5,False,5.77,False
SEG-036,Riverine-Connectors,ijaw_wari,riverine,2026-11-01,22,30,4,-747.6,1,5000,5,False,5.77,False
SEG-036,Riverine-Connectors,ijaw_wari,riverine,2026-12-01,23,30,5,-746.0,1,5000,5,False,5.77,False
SEG-037,Riverine-Connectors,ijaw_wari,riverine,2025-01-01,0,22,1,-1070.2,0,6738,4,True,5.89,False
SEG-037,Riverine-Connectors,ijaw_wari,riverine,2025-02-01,1,22,4,-1060.6,0,6738,4,True,5.89,False
SEG-037,Riverine-Connectors,ijaw_wari,riverine,2025-03-01,2,22,4,-1056.4,0,6738,4,True,5.89,False
SEG-037,Riverine-Connectors,ijaw_wari,riverine,2025-04-01,3,22,5,-1052.8,0,6738,4,True,5.89,False
SEG-037,Riverine-Connectors,ijaw_wari,riverine,2025-05-01,4,22,5,-1066.2,0,6738,4,True,5.89,False
SEG-037,Riverine-Connectors,ijaw_wari,riverine,2025-06-01,5,22,5,-1094.4,0,6738,4,True,5.89,False
SEG-037,Riverine-Connectors,ijaw_wari,riverine,2025-07-01,6,22,1,-1093.4,0,6738,4,True,5.89,False
SEG-037,Riverine-Connectors,ijaw_wari,riverine,2025-08-01,7,22,1,-1078.5,0,6738,4,True,5.89,False
SEG-037,Riverine-Connectors,ijaw_wari,riverine,2025-09-01,8,22,1,-1087.5,0,6738,4,True,5.89,False
SEG-037,Riverine-Connectors,ijaw_wari,riverine,2025-10-01,9,22,1,-1089.8,1,6738,4,True,5.89,True
SEG-037,Riverine-Connectors,ijaw_wari,riverine,2025-11-01,10,22,1,-1062.1,1,6738,4,True,5.89,False
SEG-037,Riverine-Connectors,ijaw_wari,riverine,2025-12-01,11,22,2,-1054.3,1,6738,4,True,5.89,False
SEG-037,Riverine-Connectors,ijaw_wari,riverine,2026-01-01,12,22,1,-1052.0,1,6738,4,True,5.89,False
SEG-037,Riverine-Connectors,ijaw_wari,riverine,2026-02-01,13,22,2,-1050.4,1,6738,4,True,5.89,False
SEG-037,Riverine-Connectors,ijaw_wari,riverine,2026-03-01,14,22,2,-1040.1,1,6738,4,True,5.89,False
SEG-037,Riverine-Connectors,ijaw_wari,riverine,2026-04-01,15,22,2,-1016.3,1,6738,4,True,5.89,False
SEG-037,Riverine-Connectors,ijaw_wari,riverine,2026-05-01,16,22,2,-1020.0,1,6738,4,True,5.89,False
SEG-037,Riverine-Connectors,ijaw_wari,riverine,2026-06-01,17,22,2,-1036.2,1,6738,4,True,5.89,False
SEG-037,Riverine-Connectors,ijaw_wari,riverine,2026-07-01,18,22,3,-1032.3,1,6738,4,True,5.89,False
SEG-037,Riverine-Connectors,ijaw_wari,riverine,2026-08-01,19,22,3,-1025.2,1,6738,4,True,5.89,False
SEG-037,Riverine-Connectors,ijaw_wari,riverine,2026-09-01,20,22,3,-1028.5,1,6738,4,True,5.89,False
SEG-037,Riverine-Connectors,ijaw_wari,riverine,2026-10-01,21,22,3,-1021.4,1,6738,4,True,5.89,False
SEG-037,Riverine-Connectors,ijaw_wari,riverine,2026-11-01,22,22,3,-1033.0,1,6738,4,True,5.89,False
SEG-037,Riverine-Connectors,ijaw_wari,riverine,2026-12-01,23,22,3,-993.0,1,6738,4,True,5.89,False
SEG-038,Riverine-Connectors,ijaw_wari,riverine,2025-01-01,0,21,1,-1094.2,0,6331,1,True,6.81,False
SEG-038,Riverine-Connectors,ijaw_wari,riverine,2025-02-01,1,21,1,-1102.6,0,6331,1,True,6.81,False
SEG-038,Riverine-Connectors,ijaw_wari,riverine,2025-03-01,2,21,1,-1085.3,0,6331,1,True,6.81,False
SEG-038,Riverine-Connectors,ijaw_wari,riverine,2025-04-01,3,21,1,-1082.4,0,6331,1,True,6.81,False
SEG-038,Riverine-Connectors,ijaw_wari,riverine,2025-05-01,4,21,1,-1073.6,0,6331,1,True,6.81,False
SEG-038,Riverine-Connectors,ijaw_wari,riverine,2025-06-01,5,21,2,-1100.4,0,6331,1,True,6.81,False
SEG-038,Riverine-Connectors,ijaw_wari,riverine,2025-07-01,6,21,0,-1088.5,0,6331,1,True,6.81,False
SEG-038,Riverine-Connectors,ijaw_wari,riverine,2025-08-01,7,21,0,-1079.9,0,6331,1,True,6.81,False
SEG-038,Riverine-Connectors,ijaw_wari,riverine,2025-09-01,8,21,0,-1097.2,0,6331,1,True,6.81,False
SEG-038,Riverine-Connectors,ijaw_wari,riverine,2025-10-01,9,21,0,-1112.0,0,6331,1,True,6.81,False
SEG-038,Riverine-Connectors,ijaw_wari,riverine,2025-11-01,10,21,1,-1119.8,0,6331,1,True,6.81,False
SEG-038,Riverine-Connectors,ijaw_wari,riverine,2025-12-01,11,21,2,-1117.9,0,6331,1,True,6.81,False
SEG-038,Riverine-Connectors,ijaw_wari,riverine,2026-01-01,12,21,0,-1116.9,0,6331,1,True,6.81,False
SEG-038,Riverine-Connectors,ijaw_wari,riverine,2026-02-01,13,21,1,-1119.5,0,6331,1,True,6.81,False
SEG-038,Riverine-Connectors,ijaw_wari,riverine,2026-03-01,14,21,1,-1116.2,0,6331,1,True,6.81,False
SEG-038,Riverine-Connectors,ijaw_wari,riverine,2026-04-01,15,21,2,-1132.6,0,6331,1,True,6.81,False
SEG-038,Riverine-Connectors,ijaw_wari,riverine,2026-05-01,16,21,2,-1125.6,0,6331,1,True,6.81,False
SEG-038,Riverine-Connectors,ijaw_wari,riverine,2026-06-01,17,21,2,-1124.0,0,6331,1,True,6.81,False
SEG-038,Riverine-Connectors,ijaw_wari,riverine,2026-07-01,18,21,3,-1095.4,0,6331,1,True,6.81,False
SEG-038,Riverine-Connectors,ijaw_wari,riverine,2026-08-01,19,21,3,-1112.5,0,6331,1,True,6.81,False
SEG-038,Riverine-Connectors,ijaw_wari,riverine,2026-09-01,20,21,4,-1131.6,0,6331,1,True,6.81,False
SEG-038,Riverine-Connectors,ijaw_wari,riverine,2026-10-01,21,21,5,-1156.6,0,6331,1,True,6.81,False
SEG-038,Riverine-Connectors,ijaw_wari,riverine,2026-11-01,22,21,6,-1145.4,0,6331,1,True,6.81,False
SEG-038,Riverine-Connectors,ijaw_wari,riverine,2026-12-01,23,21,6,-1124.5,0,6331,1,True,6.81,False
SEG-039,Riverine-Connectors,ijaw_wari,riverine,2025-01-01,0,10,2,-840.1,0,6898,5,False,6.71,False
SEG-039,Riverine-Connectors,ijaw_wari,riverine,2025-02-01,1,10,3,-840.3,0,6898,5,False,6.71,False
SEG-039,Riverine-Connectors,ijaw_wari,riverine,2025-03-01,2,10,3,-848.5,0,6898,5,False,6.71,False
SEG-039,Riverine-Connectors,ijaw_wari,riverine,2025-04-01,3,10,3,-829.0,0,6898,5,False,6.71,False
SEG-039,Riverine-Connectors,ijaw_wari,riverine,2025-05-01,4,10,3,-812.4,0,6898,5,False,6.71,False
SEG-039,Riverine-Connectors,ijaw_wari,riverine,2025-06-01,5,10,3,-814.0,0,6898,5,False,6.71,False
SEG-039,Riverine-Connectors,ijaw_wari,riverine,2025-07-01,6,10,2,-833.4,0,6898,5,False,6.71,False
SEG-039,Riverine-Connectors,ijaw_wari,riverine,2025-08-01,7,10,2,-809.3,0,6898,5,False,6.71,False
SEG-039,Riverine-Connectors,ijaw_wari,riverine,2025-09-01,8,10,3,-824.3,0,6898,5,False,6.71,False
SEG-039,Riverine-Connectors,ijaw_wari,riverine,2025-10-01,9,10,4,-817.0,1,6898,5,False,6.71,True
SEG-039,Riverine-Connectors,ijaw_wari,riverine,2025-11-01,10,10,4,-815.2,1,6898,5,False,6.71,False
SEG-039,Riverine-Connectors,ijaw_wari,riverine,2025-12-01,11,10,4,-843.2,1,6898,5,False,6.71,False
SEG-039,Riverine-Connectors,ijaw_wari,riverine,2026-01-01,12,10,2,-820.8,1,6898,5,False,6.71,False
SEG-039,Riverine-Connectors,ijaw_wari,riverine,2026-02-01,13,10,2,-803.0,1,6898,5,False,6.71,False
SEG-039,Riverine-Connectors,ijaw_wari,riverine,2026-03-01,14,10,2,-799.5,1,6898,5,False,6.71,False
SEG-039,Riverine-Connectors,ijaw_wari,riverine,2026-04-01,15,10,2,-803.3,1,6898,5,False,6.71,False
SEG-039,Riverine-Connectors,ijaw_wari,riverine,2026-05-01,16,10,2,-788.3,1,6898,5,False,6.71,False
SEG-039,Riverine-Connectors,ijaw_wari,riverine,2026-06-01,17,10,3,-805.5,1,6898,5,False,6.71,False
SEG-039,Riverine-Connectors,ijaw_wari,riverine,2026-07-01,18,10,1,-811.6,1,6898,5,False,6.71,False
SEG-039,Riverine-Connectors,ijaw_wari,riverine,2026-08-01,19,10,1,-814.6,1,6898,5,False,6.71,False
SEG-039,Riverine-Connectors,ijaw_wari,riverine,2026-09-01,20,10,1,-812.0,1,6898,5,False,6.71,False
SEG-039,Riverine-Connectors,ijaw_wari,riverine,2026-10-01,21,10,1,-812.4,1,6898,5,False,6.71,False
SEG-039,Riverine-Connectors,ijaw_wari,riverine,2026-11-01,22,10,1,-802.9,1,6898,5,False,6.71,False
SEG-039,Riverine-Connectors,ijaw_wari,riverine,2026-12-01,23,10,1,-810.2,1,6898,5,False,6.71,False
SEG-040,Riverine-Connectors,ijaw_wari,riverine,2025-01-01,0,42,3,-1089.0,0,5082,4,False,3.47,False
SEG-040,Riverine-Connectors,ijaw_wari,riverine,2025-02-01,1,42,3,-1105.4,0,5082,4,False,3.47,False
SEG-040,Riverine-Connectors,ijaw_wari,riverine,2025-03-01,2,42,5,-1134.6,0,5082,4,False,3.47,False
SEG-040,Riverine-Connectors,ijaw_wari,riverine,2025-04-01,3,42,6,-1115.1,0,5082,4,False,3.47,False
SEG-040,Riverine-Connectors,ijaw_wari,riverine,2025-05-01,4,42,7,-1111.7,0,5082,4,False,3.47,False
SEG-040,Riverine-Connectors,ijaw_wari,riverine,2025-06-01,5,42,8,-1106.8,0,5082,4,False,3.47,False
SEG-040,Riverine-Connectors,ijaw_wari,riverine,2025-07-01,6,42,1,-1105.3,0,5082,4,False,3.47,False
SEG-040,Riverine-Connectors,ijaw_wari,riverine,2025-08-01,7,42,3,-1127.3,0,5082,4,False,3.47,False
SEG-040,Riverine-Connectors,ijaw_wari,riverine,2025-09-01,8,42,3,-1120.2,0,5082,4,False,3.47,False
SEG-040,Riverine-Connectors,ijaw_wari,riverine,2025-10-01,9,42,3,-1111.9,1,5082,4,False,3.47,True
SEG-040,Riverine-Connectors,ijaw_wari,riverine,2025-11-01,10,42,4,-1101.8,1,5082,4,False,3.47,False
SEG-040,Riverine-Connectors,ijaw_wari,riverine,2025-12-01,11,42,4,-1094.9,1,5082,4,False,3.47,False
SEG-040,Riverine-Connectors,ijaw_wari,riverine,2026-01-01,12,42,1,-1074.8,1,5082,4,False,3.47,False
SEG-040,Riverine-Connectors,ijaw_wari,riverine,2026-02-01,13,42,1,-1073.5,1,5082,4,False,3.47,False
SEG-040,Riverine-Connectors,ijaw_wari,riverine,2026-03-01,14,42,1,-1093.5,1,5082,4,False,3.47,False
SEG-040,Riverine-Connectors,ijaw_wari,riverine,2026-04-01,15,42,1,-1094.2,1,5082,4,False,3.47,False
SEG-040,Riverine-Connectors,ijaw_wari,riverine,2026-05-01,16,42,1,-1102.8,1,5082,4,False,3.47,False
SEG-040,Riverine-Connectors,ijaw_wari,riverine,2026-06-01,17,42,2,-1107.3,1,5082,4,False,3.47,False
SEG-040,Riverine-Connectors,ijaw_wari,riverine,2026-07-01,18,42,2,-1111.3,1,5082,4,False,3.47,False
SEG-040,Riverine-Connectors,ijaw_wari,riverine,2026-08-01,19,42,3,-1097.2,1,5082,4,False,3.47,False
SEG-040,Riverine-Connectors,ijaw_wari,riverine,2026-09-01,20,42,3,-1110.6,1,5082,4,False,3.47,False
SEG-040,Riverine-Connectors,ijaw_wari,riverine,2026-10-01,21,42,3,-1112.2,1,5082,4,False,3.47,False
SEG-040,Riverine-Connectors,ijaw_wari,riverine,2026-11-01,22,42,5,-1128.2,1,5082,4,False,3.47,False
SEG-040,Riverine-Connectors,ijaw_wari,riverine,2026-12-01,23,42,5,-1133.6,1,5082,4,False,3.47,False
SEG-041,Riverine-Connectors,ijaw_wari,riverine,2025-01-01,0,54,2,-867.9,0,5000,4,True,3.93,False
SEG-041,Riverine-Connectors,ijaw_wari,riverine,2025-02-01,1,54,4,-867.0,0,5000,4,True,3.93,False
SEG-041,Riverine-Connectors,ijaw_wari,riverine,2025-03-01,2,54,7,-874.6,0,5000,4,True,3.93,False
SEG-041,Riverine-Connectors,ijaw_wari,riverine,2025-04-01,3,54,9,-878.3,0,5000,4,True,3.93,False
SEG-041,Riverine-Connectors,ijaw_wari,riverine,2025-05-01,4,54,9,-880.5,0,5000,4,True,3.93,False
SEG-041,Riverine-Connectors,ijaw_wari,riverine,2025-06-01,5,54,10,-870.9,0,5000,4,True,3.93,False
SEG-041,Riverine-Connectors,ijaw_wari,riverine,2025-07-01,6,54,1,-856.3,0,5000,4,True,3.93,False
SEG-041,Riverine-Connectors,ijaw_wari,riverine,2025-08-01,7,54,1,-878.1,0,5000,4,True,3.93,False
SEG-041,Riverine-Connectors,ijaw_wari,riverine,2025-09-01,8,54,2,-867.9,0,5000,4,True,3.93,False
SEG-041,Riverine-Connectors,ijaw_wari,riverine,2025-10-01,9,54,2,-856.2,0,5000,4,True,3.93,False
SEG-041,Riverine-Connectors,ijaw_wari,riverine,2025-11-01,10,54,4,-858.8,0,5000,4,True,3.93,False
SEG-041,Riverine-Connectors,ijaw_wari,riverine,2025-12-01,11,54,5,-853.5,0,5000,4,True,3.93,False
SEG-041,Riverine-Connectors,ijaw_wari,riverine,2026-01-01,12,54,2,-849.3,0,5000,4,True,3.93,False
SEG-041,Riverine-Connectors,ijaw_wari,riverine,2026-02-01,13,54,3,-846.9,0,5000,4,True,3.93,False
SEG-041,Riverine-Connectors,ijaw_wari,riverine,2026-03-01,14,54,3,-831.8,0,5000,4,True,3.93,False
SEG-041,Riverine-Connectors,ijaw_wari,riverine,2026-04-01,15,54,4,-841.7,0,5000,4,True,3.93,False
SEG-041,Riverine-Connectors,ijaw_wari,riverine,2026-05-01,16,54,4,-858.9,0,5000,4,True,3.93,False
SEG-041,Riverine-Connectors,ijaw_wari,riverine,2026-06-01,17,54,4,-869.0,0,5000,4,True,3.93,False
SEG-041,Riverine-Connectors,ijaw_wari,riverine,2026-07-01,18,54,5,-881.8,0,5000,4,True,3.93,False
SEG-041,Riverine-Connectors,ijaw_wari,riverine,2026-08-01,19,54,6,-859.0,0,5000,4,True,3.93,False
SEG-041,Riverine-Connectors,ijaw_wari,riverine,2026-09-01,20,54,7,-882.0,0,5000,4,True,3.93,False
SEG-041,Riverine-Connectors,ijaw_wari,riverine,2026-10-01,21,54,7,-883.7,0,5000,4,True,3.93,False
SEG-041,Riverine-Connectors,ijaw_wari,riverine,2026-11-01,22,54,7,-876.6,0,5000,4,True,3.93,False
SEG-041,Riverine-Connectors,ijaw_wari,riverine,2026-12-01,23,54,7,-861.9,0,5000,4,True,3.93,False
SEG-042,Riverine-Connectors,ijaw_wari,riverine,2025-01-01,0,56,2,-809.1,0,5378,4,True,3.48,False
SEG-042,Riverine-Connectors,ijaw_wari,riverine,2025-02-01,1,56,2,-830.3,0,5378,4,True,3.48,False
SEG-042,Riverine-Connectors,ijaw_wari,riverine,2025-03-01,2,56,2,-828.1,0,5378,4,True,3.48,False
SEG-042,Riverine-Connectors,ijaw_wari,riverine,2025-04-01,3,56,2,-838.5,0,5378,4,True,3.48,False
SEG-042,Riverine-Connectors,ijaw_wari,riverine,2025-05-01,4,56,2,-827.8,0,5378,4,True,3.48,False
SEG-042,Riverine-Connectors,ijaw_wari,riverine,2025-06-01,5,56,2,-833.3,0,5378,4,True,3.48,False
SEG-042,Riverine-Connectors,ijaw_wari,riverine,2025-07-01,6,56,3,-846.7,0,5378,4,True,3.48,False
SEG-042,Riverine-Connectors,ijaw_wari,riverine,2025-08-01,7,56,4,-863.3,0,5378,4,True,3.48,False
SEG-042,Riverine-Connectors,ijaw_wari,riverine,2025-09-01,8,56,5,-852.6,0,5378,4,True,3.48,False
SEG-042,Riverine-Connectors,ijaw_wari,riverine,2025-10-01,9,56,5,-872.8,0,5378,4,True,3.48,False
SEG-042,Riverine-Connectors,ijaw_wari,riverine,2025-11-01,10,56,5,-887.0,0,5378,4,True,3.48,False
SEG-042,Riverine-Connectors,ijaw_wari,riverine,2025-12-01,11,56,6,-897.3,0,5378,4,True,3.48,False
SEG-042,Riverine-Connectors,ijaw_wari,riverine,2026-01-01,12,56,1,-908.4,0,5378,4,True,3.48,False
SEG-042,Riverine-Connectors,ijaw_wari,riverine,2026-02-01,13,56,2,-907.0,0,5378,4,True,3.48,False
SEG-042,Riverine-Connectors,ijaw_wari,riverine,2026-03-01,14,56,2,-934.0,0,5378,4,True,3.48,False
SEG-042,Riverine-Connectors,ijaw_wari,riverine,2026-04-01,15,56,2,-939.6,0,5378,4,True,3.48,False
SEG-042,Riverine-Connectors,ijaw_wari,riverine,2026-05-01,16,56,2,-961.1,0,5378,4,True,3.48,False
SEG-042,Riverine-Connectors,ijaw_wari,riverine,2026-06-01,17,56,2,-955.8,0,5378,4,True,3.48,False
SEG-042,Riverine-Connectors,ijaw_wari,riverine,2026-07-01,18,56,2,-964.8,0,5378,4,True,3.48,False
SEG-042,Riverine-Connectors,ijaw_wari,riverine,2026-08-01,19,56,2,-972.1,0,5378,4,True,3.48,False
SEG-042,Riverine-Connectors,ijaw_wari,riverine,2026-09-01,20,56,3,-997.7,0,5378,4,True,3.48,False
SEG-042,Riverine-Connectors,ijaw_wari,riverine,2026-10-01,21,56,3,-1009.2,0,5378,4,True,3.48,False
SEG-042,Riverine-Connectors,ijaw_wari,riverine,2026-11-01,22,56,3,-998.4,0,5378,4,True,3.48,False
SEG-042,Riverine-Connectors,ijaw_wari,riverine,2026-12-01,23,56,3,-1042.4,0,5378,4,True,3.48,False
